,Referernce,Paper Info
1,Deng et al. [124],"Deng, Ruilong, Rongxing Lu, Chengzhe Lai, Tom H. Luan, and Hao Liang. ""Optimal workload allocation in fog-cloud computing toward balanced delay and power consumption."" IEEE Internet of Things Journal 3, no. 6 (2016): 1171-1181."
2,Zhao et al. [288],"Zhao, Tianchu, Sheng Zhou, Xueying Guo, and Zhisheng Niu. ""Tasks scheduling and resource allocation in heterogeneous cloud for delay-bounded mobile edge computing."" In Communications (ICC), 2017 IEEE International Conference on, pp. 1-7. IEEE, 2017."
3,Vaquero and Rodero-Merino [71],"Vaquero, Luis M., and Luis Rodero-Merino. ""Finding your way in the fog: Towards a comprehensive definition of fog computing."" ACM SIGCOMM Computer Communication Review 44, no. 5 (2014): 27-32."
4,Dastjerdi and Buyya [441],"Dastjerdi, Amir Vahid, and Rajkumar Buyya. ""Fog computing: Helping the Internet of Things realize its potential."" Computer 49, no. 8 (2016): 112-116."
5,Streiffer et al. [397],"Streiffer, Christopher, Animesh Srivastava, Victor Orlikowski, Yesenia Velasco, Vincentius Martin, Nisarg Raval, Ashwin Machanavajjhala, and Landon P. Cox. ""ePrivateeye: to the edge and beyond!."" In Proceedings of the Second ACM/IEEE Symposium on Edge Computing, p. 18. ACM, 2017."
6,Garcia Lopez et al. [43],"Garcia Lopez, Pedro, Alberto Montresor, Dick Epema, Anwitaman Datta, Teruo Higashino, Adriana Iamnitchi, Marinho Barcellos, Pascal Felber, and Etienne Riviere. ""Edge-centric computing: Vision and challenges."" ACM SIGCOMM Computer Communication Review 45, no. 5 (2015): 37-42."
7,Aazam and Huh [221],"Aazam, Mohammad, and Eui-Nam Huh. ""Fog computing micro datacenter based dynamic resource estimation and pricing model for IoT."" In Advanced Information Networking and Applications (AINA), 2015 IEEE 29th International Conference on, pp. 687-694. IEEE, 2015."
8,Gu et al. [255],"Gu, Lin, Deze Zeng, Song Guo, Ahmed Barnawi, and Yong Xiang. ""Cost-efficient resource management in fog computing supported medical cps."" IEEE Transactions on Emerging Topics in Computing (2015)."
9,Urgaonkar et al. [231],"Urgaonkar, Rahul, Shiqiang Wang, Ting He, Murtaza Zafer, Kevin Chan, and Kin K. Leung. ""Dynamic service migration and workload scheduling in edge-clouds."" Performance Evaluation 91 (2015): 205-228."
10,Guo et al. [289],"Guo, Xueying, Rahul Singh, Tianchu Zhao, and Zhisheng Niu. ""An index based task assignment policy for achieving optimal power-delay tradeoff in edge cloud systems."" In Communications (ICC), 2016 IEEE International Conference on, pp. 1-7. IEEE, 2016."
11,Souza et al. [256],"Souza, V. B. C., W. Ramírez, Xavier Masip-Bruin, Eva Marín-Tordera, G. Ren, and Ghazal Tashakor. ""Handling service allocation in combined Fog-cloud scenarios."" In Communications (ICC), 2016 IEEE International Conference on, pp. 1-5. IEEE, 2016."
12,Stojmenovic and Wen [82],"Stojmenovic, Ivan, and Sheng Wen. ""The fog computing paradigm: Scenarios and security issues."" In Computer Science and Information Systems (FedCSIS), 2014 Federated Conference on, pp. 1-8. IEEE, 2014."
13,Yannuzzi et al. [97],"Yannuzzi, Marcelo, R. Milito, René Serral-Gracià, D. Montero, and Mario Nemirovsky. ""Key ingredients in an IoT recipe: Fog Computing, Cloud computing, and more Fog Computing."" In Computer Aided Modeling and Design of Communication Links and Networks (CAMAD), 2014 IEEE 19th International Workshop on, pp. 325-329. IEEE, 2014."
14,Truong et al. [279],"Truong, Nguyen B., Gyu Myoung Lee, and Yacine Ghamri-Doudane. ""Software defined networking-based vehicular adhoc network with fog computing."" In Integrated Network Management (IM), 2015 IFIP/IEEE International Symposium on, pp. 1202-1207. IEEE, 2015."
15,Gao et al. [83],"Gao, Longxiang, Tom H. Luan, Bo Liu, Wanlei Zhou, and Shui Yu. ""Fog Computing and Its Applications in 5G."" In 5G Mobile Communications, pp. 571-593. Springer International Publishing, 2017."
16,Sarkar and Misra [72],"Sarkar, Subhadeep, and Sudip Misra. ""Theoretical modelling of fog computing: a green computing paradigm to support IoT applications."" IET Networks 5, no. 2 (2016): 23-29."
17,Li et al. [290],"Li, Bo, Yijian Pei, Hao Wu, and Bin Shen. ""Heuristics to allocate high-performance cloudlets for computation offloading in mobile ad hoc clouds."" The Journal of Supercomputing 71, no. 8 (2015): 3009-3036."
18,Sarkar et al. [89],"Sarkar, Subhadeep, Subarna Chatterjee, and Sudip Misra. ""Assessment of the Suitability of Fog Computing in the Context of Internet of Things."" IEEE Transactions on Cloud Computing (2015)."
19,Jemaa et al. [257],"Jemaa, Fatma Ben, Guy Pujolle, and Michel Pariente. ""QoS-aware VNF placement optimization in edge-central carrier cloud architecture."" In Global Communications Conference (GLOBECOM), 2016 IEEE, pp. 1-7. IEEE, 2016."
20,Alippi et al. [125],"Alippi, Cesare, Romano Fantacci, Dania Marabissi, and Manuel Roveri. ""A Cloud to the Ground: The New Frontier of Intelligent and Autonomous Networks of Things."" IEEE Communications Magazine 54, no. 12 (2016): 14-20."
21,Skarlat et al. [126],"Skarlat, Olena, Matteo Nardelli, Stefan Schulte, Michael Borkowski, and Philipp Leitner. ""Optimized IoT service placement in the fog."" Service Oriented Computing and Applications 11, no. 4 (2017): 427-443."
22,Sun and Ansari [106],"Sun, Xiang, and Nirwan Ansari. ""EdgeIoT: Mobile Edge Computing for the Internet of Things."" IEEE Communications Magazine 54, no. 12 (2016): 22-29."
23,Tomovic et al. [127],"Tomovic, Slavica, Kenji Yoshigoe, Ivo Maljevic, and Igor Radusinovic. ""Software-Defined Fog Network Architecture for IoT."" Wireless Personal Communications 92, no. 1 (2017): 181-196."
24,Skarlat et al. [258],"Skarlat, Olena, Matteo Nardelli, Stefan Schulte, and Schahram Dustdar. ""Towards QoS-aware Fog Service Placement."" In 1st IEEE International Conference on Fog and Edge Computing (ICFEC), 2017, IEEE, 2017."
25,Shi et al. [80],"Shi, Weisong, Jie Cao, Quan Zhang, Youhuizi Li, and Lanyu Xu. ""Edge computing: Vision and challenges."" IEEE Internet of Things Journal 3, no. 5 (2016): 637-646."
26,Chiang and Zhang [84],"Chiang, Mung, and Tao Zhang. ""Fog and IoT: An overview of research opportunities."" IEEE Internet of Things Journal 3, no. 6 (2016): 854-864."
27,Villari et al. [67],"Villari, Massimo, Maria Fazio, Schahram Dustdar, Omer Rana, and Rajiv Ranjan. ""Osmotic Computing: A New Paradigm for Edge/Cloud Integration."" IEEE Cloud Computing 3, no. 6 (2016): 76-83."
28,Brogi and Forti [107],"A. Brogi and S. Forti, ""QoS-Aware Deployment of IoT Applications Through the Fog,"" in IEEE Internet of Things Journal, vol. 4, no. 5, pp. 1185-1192, Oct. 2017."
29,OpenFogConsortium [6],"OpenFog Consortium Architecture Working Group. ""OpenFog Architecture Overview."" White Paper, February (2016)."
30,Zhang et al. [194],"Zhang, Quan, Xiaohong Zhang, Qingyang Zhang, Weisong Shi, and Hong Zhong. ""Firework: Big Data Sharing and Processing in Collaborative Edge Environment."" In Hot Topics in Web Systems and Technologies (HotWeb), 2016 Fourth IEEE Workshop on, pp. 20-25. IEEE, 2016."
31,Li et al. [330],"Li, Songze, Mohammad Ali Maddah-Ali, and A. Salman Avestimehr. ""Coding for Distributed Fog Computing."" IEEE Communications Magazine 55, no. 4 (2017): 34-40."
32,Dantu et al. [195],"Dantu, Karthik, Steven Y. Ko, and Lukasz Ziarek. ""RAINA: Reliability and Adaptability in Android for Fog Computing."" IEEE Communications Magazine 55, no. 4 (2017): 41-45."
33,Ku et al. [128],"Ku, Yu-Jen, Dian-Yu Lin, Chia-Fu Lee, Ping-Jung Hsieh, Hung-Yu Wei, Chun-Ting Chou, and Ai-Chun Pang. ""5G Radio Access Network Design with the Fog Paradigm: Confluence of Communications and Computing."" IEEE Communications Magazine 55, no. 4 (2017): 46-52."
34,Gupta et al. [380],"Gupta, Harshit, Amir Vahid Dastjerdi, Soumya K. Ghosh, and Rajkumar Buyya. ""iFogSim: A toolkit for modeling and simulation of resource management techniques in the Internet of Things, Edge and Fog computing environments."" Software: Practice and Experience 47, no. 9 (2017): 1275-1296."
35,Dsouza et al. [108],"Dsouza, Clinton, Gail-Joon Ahn, and Marthony Taguinod. ""Policy-driven security management for fog computing: Preliminary framework and a case study."" In Information Reuse and Integration (IRI), 2014 IEEE 15th International Conference on, pp. 16-23. IEEE, 2014."
36,Yi et al. [109],"Yi, Shanhe, Zijiang Hao, Zhengrui Qin, and Qun Li. ""Fog computing: Platform and applications."" In Hot Topics in Web Systems and Technologies (HotWeb), 2015 Third IEEE Workshop on, pp. 73-78. IEEE, 2015."
37,Hong et al. [259],"Hong, Hua-Jun, Pei-Hsuan Tsai, and Cheng-Hsin Hsu. ""Dynamic module deployment in a fog computing platform."" In Network Operations and Management Symposium (APNOMS), 2016 18th Asia-Pacific, pp. 1-6. IEEE, 2016."
38,Hao et al. [98],"Hao, Zijiang, Ed Novak, Shanhe Yi, and Qun Li. ""Challenges and Software Architecture for Fog Computing."" IEEE Internet Computing 21, no. 2 (2017): 44-53."
39,Cirani et al. [171],"Cirani, Simone, Gianluigi Ferrari, Nicola Iotti, and Marco Picone. ""The iot hub: a fog node for seamless management of heterogeneous connected smart objects."" In Sensing, Communication, and Networking-Workshops (SECON Workshops), 2015 12th Annual IEEE International Conference on, pp. 1-6. IEEE, 2015."
40,Malensek et al. [331],"Malensek, Matthew, Sangmi Lee Pallickara, and Shrideep Pallickara. ""HERMES: Federating Fog and Cloud Domains to Support Query Evaluations in Continuous Sensing Environments."" IEEE Cloud Computing 4, no. 2 (2017): 54-62."
41,Moreno-Vozmediano et al. [129],"Moreno-Vozmediano, Rafael, Ruben S. Montero, Eduardo Huedo, and Ignacio M. Llorente. ""Cross-Site Virtual Network in Cloud and Fog Computing."" IEEE Cloud Computing 4, no. 2 (2017): 46-53."
42,Sill [73],"Sill, Alan. ""Standards at the Edge of the Cloud."" IEEE Cloud Computing 4, no. 2 (2017): 63-67."
43,Bittencourt et al. [291],"Bittencourt, Luiz F., Javier Diaz-Montes, Rajkumar Buyya, Omer F. Rana, and Manish Parashar. ""Mobility-aware application scheduling in fog computing."" IEEE Cloud Computing 4, no. 2 (2017): 26-35."
44,Esposito et al. [419],"Esposito, Christian, Aniello Castiglione, Florin Pop, and Kim-Kwang Raymond Choo. ""Challenges of Connecting Edge and Cloud Computing: A Security and Forensic Perspective."" IEEE Cloud Computing 4, no. 2 (2017): 13-17."
45,Liang et al. [130],"Liang, Kai, Liqiang Zhao, Xiaoli Chu, and Hsiao-Hwa Chen. ""An integrated architecture for software defined and virtualized radio access networks with fog computing."" IEEE Network 31, no. 1 (2017): 80-87."
46,Kapsalis et al. [131],"Kapsalis, Andreas, Panagiotis Kasnesis, Iakovos S. Venieris, Dimitra I. Kaklamani, and Charalampos Z. Patrikakis. ""A Cooperative Fog Approach for Effective Workload Balancing."" IEEE Cloud Computing 4, no. 2 (2017): 36-45."
47,Yu et al. [420],"Yu, Zuoxia, Man Ho Au, Qiuliang Xu, Rupeng Yang, and Jinguang Han. ""Towards leakage-resilient fine-grained access control in fog computing."" Future Generation Computer Systems (2017)."
48,Kattepur et al. [292],"A. Kattepur, H. Kumar Rath, A. Simha “A-priori Estimation of Computation Times in Fog Networked Robotics,” in 1st IEEE International Conference on Edge Computing, pp. 9–16, June 2017.  
"
49,Kattepur et al. [293],"Kattepur, Ajay, Harshit Dohare, Visali Mushunuri, Hemant Kumar Rath, and Anantha Simha. ""Resource Constrained Offloading in Fog Computing."" In Proceedings of the 1st Workshop on Middleware for Edge Clouds & Cloudlets, p. 1. ACM, 2016."
50,Basudan et al. [421],"Basudan, Sultan, Xiaodong Lin, and Karthik Sankaranarayanan. ""A privacy-preserving vehicular crowdsensing based road surface condition monitoring system using fog computing."" IEEE Internet of Things Journal (2017)."
51,Yangui et al. [132],"Yangui, Sami, Pradeep Ravindran, Ons Bibani, Roch H. Glitho, Nejib Ben Hadj-Alouane, Monique J. Morrow, and Paul A. Polakos. ""A platform as-a-service for hybrid cloud/fog environments."" In Local and Metropolitan Area Networks (LANMAN), 2016 IEEE International Symposium on, pp. 1-7. IEEE, 2016."
52,Xu et al. [260],"Jinlai Xu, Balaji Palanisamy, Heiko Ludwig, Qingyang Wang, “Zenith: Utility-aware Resource Allocation for Edge Computing ” in 1st IEEE International Conference on Edge Computing, pp. 47–54, June 2017."
53,Kaur et al. [196],"Kaur, Kuljeet, Tanya Dhand, Neeraj Kumar, and Sherali Zeadally. ""Container-as-a-Service at the Edge: Trade-off between Energy Efficiency and Service Availability at Fog Nano Data Centers."" IEEE Wireless Communications 24, no. 3 (2017): 48-56."
54,Saurez et al. [197],"Saurez, Enrique, Kirak Hong, Dave Lillethun, Umakishore Ramachandran, and Beate Ottenwälder. ""Incremental deployment and migration of geo-distributed situation awareness applications in the fog."" In Proceedings of the 10th ACM International Conference on Distributed and Event-based Systems, pp. 258-269. ACM, 2016."
55,Nan et al. [294],"Nan, Yucen, Wei Li, Wei Bao, Flavia C. Delicato, Paulo F. Pires, Yong Dou, and Albert Y. Zomaya. ""Adaptive Energy-Aware Computation Offloading for Cloud of Things Systems."" IEEE Access 5 (2017): 23947-23957."
56,Xiao and Krunz [295],"Yong Xiao and Marwan Krunz, ""QoE and power efficiency tradeoff for fog computing networks with fog node cooperation,"" Proc. of the IEEE INFOCOM 2017 Conference, Atlanta, May 2017."
57,Byers [96],"Byers, Charles C. ""Architectural Imperatives for Fog Computing: Use Cases, Requirements, and Architectural Techniques for Fog-Enabled IoT Networks."" IEEE Communications Magazine 55, no. 8 (2017): 14-20."
58,Yang [332],"Yang, Shusen. ""IoT Stream Processing and Analytics in The Fog. IEEE Communications Magazine 55, no. 8 (2017): 20-27."
59,Zhang et al. [232],"Zhang, Wuyang, Yi Hu, Yanyong Zhang, and Dipankar Raychaudhuri. ""Segue: Quality of service aware edge cloud service migration."" In Cloud Computing Technology and Science (CloudCom), 2016 IEEE International Conference on, pp. 344-351. IEEE, 2016."
60,Klas [78],"Klas, Guenter. ""Edge Computing and the Role of Cellular Networks."" Computer 50, no. 10 (2017): 40-49."
61,Mouradian et al. [8],"Mouradian, Carla, Diala Naboulsi, Sami Yangui, Roch H. Glitho, Monique J. Morrow, and Paul A. Polakos. ""A Comprehensive Survey on Fog Computing: State-of-the-art and Research Challenges."" IEEE Communications Surveys & Tutorials (2017)."
62,Wen et al. [24],"Wen, Zhenyu, Renyu Yang, Peter Garraghan, Tao Lin, Jie Xu, and Michael Rovatsos. ""Fog orchestration for internet of things services."" IEEE Internet Computing 21, no. 2 (2017): 16-24."
63,Jayaraman et al. [333],"Jayaraman, Prem Prakash, Joao Bártolo Gomes, Hai Long Nguyen, Zahraa Said Abdallah, Shonali Krishnaswamy, and Arkady Zaslavsky. ""Cardap: A scalable energy-efficient context aware distributed mobile data analytics platform for the fog."" In East European Conference on Advances in Databases and Information Systems, pp. 192-206. Springer, Cham, 2014."
64,Zao et al. [334],"Zao, John K., Tchin Tze Gan, Chun Kai You, Sergio José Rodríguez Méndez, Cheng En Chung, Yu Te Wang, Tim Mullen, and Tzyy Ping Jung. ""Augmented brain computer interaction based on fog computing and linked data."" In Intelligent Environments (IE), 2014 International Conference on, pp. 374-377. IEEE, 2014."
65,Li et al. [133],"Li, Jianhua, Jiong Jin, Dong Yuan, Marimuthu Palaniswami, and Klaus Moessner. ""EHOPES: Data-centered Fog platform for smart living."" In Telecommunication Networks and Applications Conference (ITNAC), 2015 International, pp. 308-313. IEEE, 2015."
66,Hou et al. [172],"Hou, Xueshi, Yong Li, Min Chen, Di Wu, Depeng Jin, and Sheng Chen. ""Vehicular fog computing: A viewpoint of vehicles as the infrastructures."" IEEE Transactions on Vehicular Technology 65, no. 6 (2016): 3860-3873."
67,Jalali et al. [23],"Jalali, Fatemeh, Kerry Hinton, Robert Ayre, Tansu Alpcan, and Rodney S. Tucker. ""Fog computing may help to save energy in cloud computing."" IEEE Journal on Selected Areas in Communications 34, no. 5 (2016): 1728-1739."
68,Jalali et al. [222],"Jalali, Fatemeh, Arun Vishwanath, Julian de Hoog, and Frank Suits. ""Interconnecting Fog computing and microgrids for greening IoT."" In Innovative Smart Grid Technologies-Asia (ISGT-Asia), 2016 IEEE, pp. 693-698. IEEE, 2016."
69,Peng et al. [27],"Peng, Mugen, Shi Yan, Kecheng Zhang, and Chonggang Wang. ""Fog-computing-based radio access networks: issues and challenges."" IEEE Network 30, no. 4 (2016): 46-53."
70,Bruneo et al. [381],"Bruneo, Dario, Salvatore Distefano, Francesco Longo, Giovanni Merlino, Antonio Puliafito, Valeria D'Amico, Marco Sapienza, and Giovanni Torrisi. ""Stack4Things as a fog computing platform for Smart City applications."" In Computer Communications Workshops (INFOCOM WKSHPS), 2016 IEEE Conference on, pp. 848-853. IEEE, 2016."
71,Prazeres and Serrano [173],"Prazeres, Cássio, and Martin Serrano. ""Soft-iot: Self-organizing FOG of things."" In Advanced Information Networking and Applications Workshops (WAINA), 2016 30th International Conference on, pp. 803-808. IEEE, 2016."
72,Jain and Tata [198],"Jain, Rakesh, and Samir Tata. ""Cloud to Edge: Distributed Deployment of Process-Aware IoT Applications."" In Edge Computing (EDGE), 2017 IEEE International Conference on, pp. 182-189. IEEE, 2017."
73,Xu et al. [382],"Xu, Xiaomin, Sheng Huang, Lance Feagan, Yaoliang Chen, Yunjie Qiu, and Yu Wang. ""EAaaS: Edge Analytics as a Service."" In Web Services (ICWS), 2017 IEEE International Conference on, pp. 349-356. IEEE, 2017."
74,Yu et al. [261],"Yu, Ya-Ju, Te-Chuan Chiu, Ai-Chun Pang, Ming-Fan Chen, and Jiajia Liu. ""Virtual machine placement for backhaul traffic minimization in fog radio access networks."" In Communications (ICC), 2017 IEEE International Conference on, pp. 1-7. IEEE, 2017."
75,Lee et al. [296],"G. Lee, W. Saad and M. Bennis, ""An online secretary framework for fog network formation with minimal latency,"" 2017 IEEE International Conference on Communications (ICC), Paris, 2017, pp. 1-6."
76,Chen and Zhang [297],"Chen, Xu, and Junshan Zhang. ""When D2D meets cloud: Hybrid mobile task offloadings in fog computing."" In Communications (ICC), 2017 IEEE International Conference on, pp. 1-6. IEEE, 2017."
77,Hakiri et al. [280],"Hakiri, Akram, Bassem Sellami, Prithviraj Patil, Pascal Berthou, and Aniruddha Gokhale. ""Managing Wireless Fog Networks using Software-Defined Networking."" In 2017 IEEE/ACS 14th International Conference on Computer Systems and Applications (AICCSA). 2017."
78,Baktir et al. [9],"Baktir, Ahmet Cihat, Atay Ozgovde, and Cem Ersoy. ""How Can Edge Computing Benefit from Software-Defined Networking: A Survey, Use Cases & Future Directions."" IEEE Communications Surveys & Tutorials (2017)."
79,Xu et al. [281],"Xu, Yiming, V. Mahendran, and Sridhar Radhakrishnan. ""Towards SDN-based fog computing: MQTT broker virtualization for effective and reliable delivery."" In Communication Systems and Networks (COMSNETS), 2016 8th International Conference on, pp. 1-6. IEEE, 2016."
80,Chang et al. [95],"Chang, Chii, Satish Narayana Srirama, and Rajkumar Buyya. ""Indie Fog: An Efficient Fog-Computing Infrastructure for the Internet of Things."" Computer 50, no. 9 (2017): 92-98."
81,Liu et al. [383],"Liu, Peng, Dale Willis, and Suman Banerjee. ""Paradrop: Enabling lightweight multi-tenancy at the network’s extreme edge."" In Edge Computing (SEC), IEEE/ACM Symposium on, pp. 1-13. IEEE, 2016."
82,Yigitoglu et al. [233],"Yigitoglu, Emre, Mohamed Mohamed, Ling Liu, and Heiko Ludwig. ""Foggy: A Framework for Continuous Automated IoT Application Deployment in Fog Computing."" In AI & Mobile Services (AIMS), 2017 IEEE International Conference on, pp. 38-45. IEEE, 2017."
83,Hong et al. [199],"Hong, Kirak, David u, Umakishore Ramachandran, Beate Ottenwälder, and Boris Koldehofe. ""Mobile fog: A programming model for large-scale applications on the internet of things."" In Proceedings of the second ACM SIGCOMM workshop on Mobile cloud computing, pp. 15-20. ACM, 2013."
84,Yin et al. [298],"Yin, Bo, Wenlong Shen, Yu Cheng, Lin X. Cai, and Qing Li. ""Distributed resource sharing in fog-assisted big data streaming."" In Communications (ICC), 2017 IEEE International Conference on, pp. 1-6. IEEE, 2017."
85,Ananthanarayanan et al. [335],"Ananthanarayanan, Ganesh, Paramvir Bahl, Peter Bodík, Krishna Chintalapudi, Matthai Philipose, Lenin Ravindranath, and Sudipta Sinha. ""Real-Time Video Analytics: The Killer App for Edge Computing."" Computer 50, no. 10 (2017): 58-67."
86,Ni et al. [13],"Ni, Jianbing, Kuan Zhang, Xiaodong Lin, and Xuemin Shen. ""Securing fog computing for internet of things applications: Challenges and solutions."" IEEE Communications Surveys & Tutorials (2017)."
87,Cheng et al. [336],"Cheng, Bin, Apostolos Papageorgiou, Flavio Cirillo, and Ernoe Kovacs. ""GeeLytics: Geo-distributed edge analytics for large scale IoT systems based on dynamic topology."" In Internet of Things (WF-IoT), 2015 IEEE 2nd World Forum on, pp. 565-570. IEEE, 2015."
88,Fan and Ansari [210],"Fan, Qiang, and Nirwan Ansari. ""Cost Aware cloudlet Placement for big data processing at the edge."" In Communications (ICC), 2017 IEEE International Conference on, pp. 1-6. IEEE, 2017."
89,Wang and Zhou [299],"Wang, Wenjie, and Wei Zhou. ""Computational offloading with delay and capacity constraints in mobile edge."" In Communications (ICC), 2017 IEEE International Conference on, pp. 1-6. IEEE, 2017."
90,Sun et al. [300],"Sun, Yuxuan, Sheng Zhou, and Jie Xu. ""EMM: Energy-Aware Mobility Management for Mobile Edge Computing in Ultra Dense Networks."" IEEE Journal on Selected Areas in Communications (2017)."
91,Ti and Le [301],"Ti, Nguyen Ti, and Long Bao Le. ""Computation offloading leveraging computing resources from edge cloud and mobile peers."" In Communications (ICC), 2017 IEEE International Conference on, pp. 1-6. IEEE, 2017."
92,Farris et al. [234],"I. Farris, T. Taleb, M. Bagaa and H. Flick, ""Optimizing service replication for mobile delay-sensitive applications in 5G edge network,"" 2017 IEEE International Conference on Communications (ICC), Paris, 2017, pp. 1-6."
93,Zhang et al. [302],"Zhang, Ke, Yuming Mao, Supeng Leng, Sabita Maharjan, and Yan Zhang. ""Optimal delay constrained offloading for vehicular edge computing networks."" In Communications (ICC), 2017 IEEE International Conference on, pp. 1-6. IEEE, 2017."
94,Xiao et al. [211],"Xiao, Yu, Marius Noreikis, and Antti Ylä-Jaäiski. ""QoS-oriented capacity planning for edge computing."" In Communications (ICC), 2017 IEEE International Conference on, pp. 1-6. IEEE, 2017."
95,Abdelwahab et al. [61],"Abdelwahab, Sherif, Bechir Hamdaoui, Mohsen Guizani, and Taieb Znati. ""Cloud of things for sensing-as-a-service: Architecture, algorithms, and use case."" IEEE Internet of Things Journal 3, no. 6 (2016): 1099-1112."
96,Abdelwahab and Hamdaoui [235],"Abdelwahab, Sherif, and Bechir Hamdaoui. ""Flocking virtual machines in quest for responsive IoT cloud services."" In Communications (ICC), 2017 IEEE International Conference on, pp. 1-6. IEEE, 2017."
97,van Lingen et al. [134],"van Lingen, Frank, Marcelo Yannuzzi, Anuj Jain, Rik Irons-Mclean, Oriol Lluch, David Carrera, Juan Luis Perez et al. ""The Unavoidable Convergence of NFV, 5G, and Fog: A Model-Driven Approach to Bridge Cloud and Edge."" IEEE Communications Magazine 55, no. 8 (2017): 28-35."
98,Vilalta et al. [135],"Vilalta, Ricard, Victor Lopez, Alessio Giorgetti, Shuping Peng, Vittorio Orsini, Luis Velasco, Rene Serral-Gracia et al. ""TelcoFog: A unified flexible fog and cloud computing architecture for 5G networks."" IEEE Communications Magazine 55, no. 8 (2017): 36-43."
99,Choi et al. [200],"Choi, Nakjung, Daewoo Kim, Sung-Ju Lee, and Yung Yi. ""A Fog Operating System for User-Oriented IoT Services: Challenges and Research Directions."" IEEE Communications Magazine 55, no. 8 (2017): 44-51."
100,Zhang et al. [136],"Zhang, Huaqing, Yanru Zhang, Yunan Gu, Dusit Niyato, and Zhu Han. ""A Hierarchical Game Framework for Resource Management in Fog Computing."" IEEE Communications Magazine 55, no. 8 (2017): 52-57."
101,Kaminski et al. [174],"Kaminski, Nichoas, Irene Macaluso, Emanuele Di Pascale, Avishek Nag, John Brady, Mark Kelly, Keith Nolan, Wael Guibene, and Linda Doyle. ""A neural-network-based realization of in-network computation for the Internet of Things."" In Communications (ICC), 2017 IEEE International Conference on, pp. 1-6. IEEE, 2017."
102,Farris et al. [175],"Farris, I., A. Orsino, L. Militano, Michele Nitti, Giuseppe Araniti, Luigi Atzori, and Antonio Iera. ""Federations of connected things for delay-sensitive IoT services in 5G environments."" In Communications (ICC), 2017 IEEE International Conference on, pp. 1-6. IEEE, 2017."
103,Borylo et al. [137],"Borylo, Piotr, Artur Lason, Jacek Rzasa, Andrzej Szymanski, and Andrzej Jajszczyk. ""Energy-aware fog and cloud interplay supported by wide area software defined networking."" In Communications (ICC), 2016 IEEE International Conference on, pp. 1-7. IEEE, 2016."
104,Morabito et al. [236],"R. Morabito, I. Farris, A. Iera and T. Taleb, ""Evaluating Performance of Containerized IoT Services for Clustered Devices at the Network Edge,"" in IEEE Internet of Things Journal, vol. 4, no. 4, pp. 1019-1030, Aug. 2017."
105,Amento et al. [138],"Amento, Brian, Robert J. Hall, Kaustubh Joshi, and K. Hal Purdy. ""FocusStack: Orchestrating Edge Clouds Using Focus of Attention."" IEEE Internet Computing 21, no. 1 (2017): 56-61."
106,Ottenwälder et al. [237],"Ottenwälder, Beate, Boris Koldehofe, Kurt Rothermel, and Umakishore Ramachandran. ""Migcep: Operator migration for mobility driven distributed complex event processing."" In Proceedings of the 7th ACM international conference on Distributed event-based systems, pp. 183-194. ACM, 2013."
107,Giang et al. [201],"Giang, Nam Ky, Michael Blackstock, Rodger Lea, and Victor CM Leung. ""Developing iot applications in the fog: A distributed dataflow approach."" In Internet of Things (IOT), 2015 5th International Conference on the, pp. 155-162. IEEE, 2015."
108,Giang et al. [238],"Cziva, Richard, and Dimitrios P. Pezaros. ""Container network functions: bringing NFV to the network edge."" IEEE Communications Magazine 55, no. 6 (2017): 24-31."
109,Zeng et al. [262],"Zeng, Deze, Lin Gu, Song Guo, Zixue Cheng, and Shui Yu. ""Joint optimization of task scheduling and image placement in fog computing supported software-defined embedded system."" IEEE Transactions on Computers 65, no. 12 (2016): 3702-3712."
110,Gupta et al. [239],"Gupta, Harshit, Shubha Brata Nath, Sandip Chakraborty, and Soumya K. Ghosh. ""SDFog: A Software Defined Computing Architecture for QoS Aware Service Orchestration over Edge Devices."" arXiv preprint arXiv:1609.01190 (2016)."
111,Yannuzzi et al. [139],"Yannuzzi, Marcelo, Frank van Lingen, Anuj Jain, Oriol Lluch Parellada, Manel Mendoza Flores, David Carrera, Juan Luis Pérez et al. ""A new era for cities with fog computing."" IEEE Internet Computing 21, no. 2 (2017): 54-67."
112,Elkhatib et al. [398],"Elkhatib, Yehia, Barry Porter, Heverson B. Ribeiro, Mohamed Faten Zhani, Junaid Qadir, and Etienne Rivière. ""On using micro-clouds to deliver the fog."" IEEE Internet Computing 21, no. 2 (2017): 8-15."
113,Alrawais et al. [422],"Alrawais, Arwa, Abdulrahman Alhothaily, Chunqiang Hu, and Xiuzhen Cheng. ""Fog Computing for the Internet of Things: Security and Privacy Issues."" IEEE Internet Computing 21, no. 2 (2017): 34-42."
114,Muñoz et al. [399],"Muñoz, Raul, Laia Nadal, Ramon Casellas, Michela Svaluto Moreolo, Ricard Vilalta, Josep Maria Fàbrega, Ricardo Martínez, Arturo Mayoral, and Fco Javier Vílchez. ""The ADRENALINE testbed: An SDN/NFV packet/optical transport network and edge/core cloud platform for end-to-end 5G and IoT services."" In Networks and Communications (EuCNC), 2017 European Conference on, pp. 1-5. IEEE, 2017."
115,Lertsinsrubtavee et al. [240],"Lertsinsrubtavee, Adisorn, Anwaar Ali, Carlos Molina-Jimenez, Arjuna Sathiaseelan, and Jon Crowcroft. ""PiCasso: A lightweight edge computing platform."" In Cloud Networking (CloudNet), 2017 IEEE 6th International Conference on, pp. 1-7. IEEE, 2017."
116,Hong et al. [263],"Hong, H., P. Tsai, A. Cheng, M. Uddin, Nalini Venkatasubramanian, and C. Hsu. ""Supporting internet-of-things analytics in a fog computing platform."" In Proc. of IEEE International Conference on Cloud Computing Technology and Science (CloudCom), Hong Kong. 2017."
117,Rodrigues et al. [241],"Rodrigues, Tiago Gama, Katsuya Suto, Hiroki Nishiyama, and Nei Kato. ""A PSO model with VM migration and transmission power control for low Service Delay in the multiple cloudlets ECC scenario."" In Communications (ICC), 2017 IEEE International Conference on, pp. 1-6. IEEE, 2017."
118,Tong et al. [92],"Tong, Liang, Yong Li, and Wei Gao. ""A hierarchical edge cloud architecture for mobile computing."" In Computer Communications, IEEE INFOCOM 2016-The 35th Annual IEEE International Conference on, pp. 1-9. IEEE, 2016."
119,Aral and Ovatman [264],"A. Aral and T. Ovatman, ""A Decentralized Replica Placement Algorithm for Edge Computing,"" in IEEE Transactions on Network and Service Management, vol. PP, no. 99, pp. 1-1."
120,Tan et al. [303],"Tan, Haisheng, Zhenhua Han, Xiang-Yang Li, and Francis CM Lau. ""Online job dispatching and scheduling in edge-clouds."" In INFOCOM 2017-IEEE Conference on Computer Communications, IEEE, pp. 1-9. IEEE, 2017."
121,Sookhak et al. [176],"Sookhak, Mehdi, F. Richard Yu, Ying He, Hamid Talebian, Nader Sohrabi Safa, Nan Zhao, Muhammad Khurram Khan, and Neeraj Kumar. ""Fog Vehicular Computing: Augmentation of Fog Computing Using Vehicular Cloud Computing."" IEEE Vehicular Technology Magazine 12, no. 3 (2017): 55-64."
122,El Kafhali and Salah [223],"El Kafhali, Said, and Khaled Salah. ""Efficient and dynamic scaling of fog nodes for IoT devices."" The Journal of Supercomputing (2017): 1-24."
123,Hu et al. [337],"P. Hu, H. Ning, T. Qiu, H. Song, Y. Wang and X. Yao, ""Security and Privacy Preservation Scheme of Face Identification and Resolution Framework Using Fog Computing in Internet of Things,"" in IEEE Internet of Things Journal, vol. 4, no. 5, pp. 1143-1155, Oct. 2017."
124,Lyu et al. [338],"L. Lyu, J. Jin, S. Rajasegarar, X. He and M. Palaniswami, ""Fog-Empowered Anomaly Detection in IoT Using Hyperellipsoidal Clustering,"" in IEEE Internet of Things Journal, vol. 4, no. 5, pp. 1174-1184, Oct. 2017."
125,Huo et al. [339],"Y. Huo, C. Hu, X. Qi and T. Jing, ""LoDPD: A Location Difference-Based Proximity Detection Protocol for Fog Computing,"" in IEEE Internet of Things Journal, vol. 4, no. 5, pp. 1117-1124, Oct. 2017."
126,Al Faruque and Vatanparvar [384],"Al Faruque, Mohammad Abdullah, and Korosh Vatanparvar. ""Energy management-as-a-service over fog computing platform."" IEEE internet of things journal 3, no. 2 (2016): 161-169."
127,Li et al. [282],"Li, Cheng, Zhengrui Qin, Ed Novak, and Qun Li. ""Securing SDN Infrastructure of IoT-Fog Network from MitM Attacks."" IEEE Internet of Things Journal (2017)."
128,Wang et al. [242],"Wang, Nan, Blesson Varghese, Michail Matthaiou, and Dimitrios S. Nikolopoulos. ""ENORM: A framework for edge node resource management."" IEEE Transactions on Services Computing (2017)."
129,Tao et al. [177],"Tao, Ming, Kaoru Ota, and Mianxiong Dong. ""Foud: Integrating Fog and Cloud for 5G-Enabled V2G Networks."" IEEE Network 31, no. 2 (2017): 8-13."
130,Nan et al. [140],"Nan, Yucen, Wei Li, Wei Bao, Flavia C. Delicato, Paulo F. Pires, and Albert Y. Zomaya. ""A dynamic tradeoff data processing framework for delay-sensitive applications in Cloud of Things systems."" Journal of Parallel and Distributed Computing 112 (2018): 53-66."
131,Azimi et al. [340],"Azimi, Iman, Arman Anzanpour, Amir M. Rahmani, Tapio Pahikkala, Marco Levorato, Pasi Liljeberg, and Nikil Dutt. ""HiCH: Hierarchical Fog-Assisted Computing Architecture for Healthcare IoT."" ACM Transactions on Embedded Computing Systems (TECS) 16, no. 5s (2017): 174."
132,He et al. [304],"X. He, J. Liu, R. Jin and H. Dai, ""Privacy-Aware Offloading in Mobile-Edge Computing,"" GLOBECOM 2017 - 2017 IEEE Global Communications Conference, Singapore, 2017, pp. 1-6."
133,Zhao et al. [265],"L. Zhao, J. Liu, Y. Shi, W. Sun and H. Guo, ""Optimal Placement of Virtual Machines in Mobile Edge Computing,"" GLOBECOM 2017 - 2017 IEEE Global Communications Conference, Singapore, 2017, pp. 1-6."
134,Chang et al. [305],"Z. Chang, Z. Zhou, T. Ristaniemi and Z. Niu, ""Energy Efficient Optimization for Computation Offloading in Fog Computing System,"" GLOBECOM 2017 - 2017 IEEE Global Communications Conference, Singapore, 2017, pp. 1-6."
135,Tinini et al. [266],"R. I. Tinini, L. C. M. Reis, D. M. Batista, G. B. Figueiredo, M. Tornatore and B. Mukherjee, ""Optimal Placement of Virtualized BBU Processing in Hybrid Cloud-Fog RAN over TWDM-PON,"" GLOBECOM 2017 - 2017 IEEE Global Communications Conference, Singapore, 2017, pp. 1-6."
136,Shen et al. [341],"W. Tang, K. Zhang, J. Ren, Y. Zhang and X. Shen, ""Lightweight and Privacy-Preserving Fog-Assisted Information Sharing Scheme for Health Big Data,"" GLOBECOM 2017 - 2017 IEEE Global Communications Conference, Singapore, 2017, pp. 1-6."
137,Iotti et al. [400],"Iotti, Nicola, Marco Picone, Simone Cirani, and Gianluigi Ferrari. ""Improving Quality of Experience in Future Wireless Access Networks through Fog Computing."" IEEE Internet Computing 21, no. 2 (2017): 26-33."
138,Yi et al. [99],"Yi, Shanhe, Zhengrui Qin, and Qun Li. ""Security and privacy issues of fog computing: A survey."" In International Conference on Wireless Algorithms, Systems, and Applications, pp. 685-695. Springer, Cham, 2015."
139,Hu et al. [342],"P. Hu, H. Ning, T. Qiu, Y. Zhang and X. Luo, ""Fog Computing Based Face Identification and Resolution Scheme in Internet of Things,"" in IEEE Transactions on Industrial Informatics, vol. 13, no. 4, pp. 1910-1920, Aug. 2017."
140,Wang et al. [141],"Wang, Xiaokang, Laurence T. Yang, Xia Xie, Jirong Jin, and M. Jamal Deen. ""A Cloud-Edge Computing Framework for Cyber-Physical-Social Services."" IEEE Communications Magazine 55, no. 11 (2017): 80-85."
141,Bao et al. [243],"Bao, Wei, Dong Yuan, Zhengjie Yang, Shen Wang, Wei Li, Bing Bing Zhou, and Albert Y. Zomaya. ""Follow Me Fog: Toward Seamless Handover Timing Schemes in a Fog Computing Environment."" IEEE Communications Magazine 55, no. 11 (2017): 72-78."
142,Yi et al. [306],"Yi, Shanhe, Zijiang Hao, Qingyang Zhang, Quan Zhang, Weisong Shi, and Qun Li. ""LAVEA: latency-aware video analytics on edge computing platform."" In Proceedings of the Second ACM/IEEE Symposium on Edge Computing, p. 15. ACM, 2017."
143,Ma et al. [244],"Ma, Lele, Shanhe Yi, and Qun Li. ""Efficient service handoff across edge servers via docker container migration."" In Proceedings of the Second ACM/IEEE Symposium on Edge Computing, p. 11. ACM, 2017."
144,Ficco et al. [142],"Ficco, Massimo, Christian Esposito, Yang Xiang, and Francesco Palmieri. ""Pseudo-Dynamic Testing of Realistic Edge-Fog Cloud Ecosystems."" IEEE Communications Magazine 55, no. 11 (2017): 98-104."
145,Huang et al. [178],"Huang, Cheng, Rongxing Lu, and Kim-Kwang Raymond Choo. ""Vehicular fog computing: architecture, use case, and security and forensic challenges."" IEEE Communications Magazine 55, no. 11 (2017): 105-111."
146,Ahmed et al. [79],"Ahmed, Ejaz, Arif Ahmed, Ibrar Yaqoob, Junaid Shuja, Abdullah Gani, Muhammad Imran, and Muhammad Shoaib. ""Bringing Computation Closer toward the User Network: Is Edge Computing the Solution?."" IEEE Communications Magazine 55, no. 11 (2017): 138-144."
147,Markakis et al. [93],"Markakis, Evangelos K., Kimon Karras, Anargyros Sideris, George Alexiou, and Evangelos Pallis. ""Computing, Caching, and Communication at the Edge: The Cornerstone for Building a Versatile 5G Ecosystem."" IEEE Communications Magazine 55, no. 11 (2017): 152-157."
148,Markakis et al. [94],"Markakis, Evangelos K., Kimon Karras, Nikolaos Zotos, Anargyros Sideris, Theoharris Moysiadis, Angelo Corsaro, George Alexiou et al. ""EXEGESIS: Extreme Edge Resource Harvesting for a Virtualized Fog Environment."" IEEE Communications Magazine 55, no. 7 (2017): 173-179."
149,Li et al. [143],"D. Nguyen, Z. Shen, J. Jin and A. Tagami, ""ICN-Fog: An Information-Centric Fog-to-Fog Architecture for Data Communications,"" GLOBECOM 2017 - 2017 IEEE Global Communications Conference, Singapore, 2017, pp. 1-6."
150,Yu et al. [144],"T. Yu, X. Wang and A. Shami, ""A Novel Fog Computing Enabled Temporal Data Reduction Scheme in IoT Systems,"" GLOBECOM 2017 - 2017 IEEE Global Communications Conference, Singapore, 2017, pp. 1-5."
151,Basudan et al. [423],"S. Basudan, X. Lin and K. Sankaranarayanan, ""An Efficient Compromised Node Revocation Scheme in Fog-Assisted Vehicular Crowdsensing,"" GLOBECOM 2017 - 2017 IEEE Global Communications Conference, Singapore, 2017, pp. 1-6."
152,Nikoloudakis et al. [343],"Nikoloudakis, Yannis, Spyridon Panagiotakis, Evangelos Markakis, Evangelos Pallis, George Mastorakis, Constantinos X. Mavromoustakis, and Ciprian Dobre. ""A fog-based emergency system for smart enhanced living environments."" IEEE Cloud Computing 3, no. 6 (2016): 54-62."
153,Lu et al. [424],"Lu, Rongxing, Kevin Heung, Arash Habibi Lashkari, and Ali A. Ghorbani. ""A lightweight privacy-preserving data aggregation scheme for fog computing-enhanced IoT."" IEEE Access 5 (2017): 3302-3312."
154,Wang et al. [425],"Wang, Qixu, Dajiang Chen, Ning Zhang, Zhe Ding, and Zhiguang Qin. ""PCP: A Privacy-Preserving Content-Based Publish–Subscribe Scheme With Differential Privacy in Fog Computing."" IEEE Access 5 (2017): 17962-17974."
155,Guo et al. [212],"H. Guo, J. Liu and H. Qin, ""Collaborative Mobile Edge Computation Offloading for IoT over Fiber-Wireless Networks,"" in IEEE Network, vol. 32, no. 1, pp. 66-71, Jan.-Feb. 2018."
156,Masip-Bruin et al. [91],"Masip-Bruin, Xavi, Eva Marín-Tordera, Ghazal Tashakor, Admela Jukan, and Guang-Jie Ren. ""Foggy clouds and cloudy fogs: a real need for coordinated management of fog-to-cloud computing systems."" IEEE Wireless Communications 23, no. 5 (2016): 120-128."
157,An et al. [426],"Xingshuo An, Xianwei Zhou, Xing Lü, Fuhong Lin, and Lei Yang, “Sample Selected Extreme Learning Machine Based Intrusion Detection in Fog Computing and MEC,” Wireless Communications and Mobile Computing, vol. 2018,"
158,Guevara et al. [74],"J. C. Guevara, L. F. Bittencourt and N. L. S. da Fonseca, ""Class of service in fog computing,"" 2017 IEEE 9th Latin-American Conference on Communications (LATINCOM), Guatemala City, 2017, pp. 1-6."
159,Desikan et al. [307],"Desikan, K. E., Manikantan Srinivasan, and C. Murthy. ""A Novel Distributed Latency-Aware Data Processing in Fog Computing-Enabled IoT Networks."" In Proceedings of the ACM Workshop on Distributed Information Processing in Wireless Networks, p. 4. ACM, 2017."
160,Shih et al. [213],"Shih, Yuan-Yao, Wei-Ho Chung, Ai-Chun Pang, Te-Chuan Chiu, and Hung-Yu Wei. ""Enabling low-latency applications in fog-radio access networks."" IEEE Network 31, no. 1 (2017): 52-58."
161,Zhang et al. [145],"Zhang, Wenyu, Zhenjiang Zhang, and Han-Chieh Chao. ""Cooperative Fog Computing for Dealing with Big Data in the Internet of Vehicles: Architecture and Hierarchical Resource Management."" IEEE Communications Magazine 55, no. 12 (2017): 60-67."
162,Ren et al. [179],"Ren, Ju, Hui Guo, Chugui Xu, and Yaoxue Zhang. ""Serving at the edge: A scalable iot architecture based on transparent computing."" IEEE Network 31, no. 5 (2017): 96-105."
163,Zhang et al. [146],"Zhang, Haijun, Yu Qiu, Xiaoli Chu, Keping Long, and Victor CM Leung. ""Fog Radio Access Networks: Mobility Management, Interference Mitigation, and Resource Optimization."" IEEE Wireless Communications 24, no. 6 (2017): 120-127."
164,Lorenzo et al. [147],"B. Lorenzo, J. Garcia-Rois, X. Li, J. Gonzalez-Castano and Y. Fang, ""A Robust Dynamic Edge Network Architecture for the Internet of Things,"" in IEEE Network, vol. 32, no. 1, pp. 8-15, Jan.-Feb. 2018."
165,Chen et al. [434],"C. H. Chen, M. Y. Lin and C. C. Liu, ""Edge Computing Gateway of the Industrial Internet of Things Using Multiple Collaborative Microcontrollers,"" in IEEE Network, vol. 32, no. 1, pp. 24-32, Jan.-Feb. 2018."
166,Tang and He [308],"Tang, Ling, and Shibo He. ""Multi-User Computation Offloading in Mobile Edge Computing: A Behavioral Perspective."" IEEE Network 32, no. 1 (2018): 48-53."
167,Grewe et al. [100],"Grewe, Dennis, Marco Wagner, Mayutan Arumaithurai, Ioannis Psaras, and Dirk Kutscher. ""Information-centric mobile edge computing for connected vehicle environments: Challenges and research directions."" In Proceedings of the Workshop on Mobile Edge Communications, pp. 7-12. ACM, 2017."
168,Mohan et al. [267],"Mohan, Nitinder, Pengyuan Zhou, Keerthana Govindaraj, and Jussi Kangasharju. ""Managing Data in Computational Edge Clouds."" In Proceedings of the Workshop on Mobile Edge Communications, pp. 19-24. ACM, 2017."
169,Cozzolino et al. [245],"Cozzolino, Vittorio, Aaron Yi Ding, and Jörg Ott. ""Fades: Fine-grained edge offloading with unikernels."" In Proceedings of the Workshop on Hot Topics in Container Networking and Networked Systems, pp. 36-41. ACM, 2017."
170,Giri et al. [427],"D. Giri, M. S. Obaidat and T. Maitra, ""SecHealth: An Efficient Fog Based Sender Initiated Secure Data Transmission of Healthcare Sensors for e-Medical System,"" GLOBECOM 2017 - 2017 IEEE Global Communications Conference, Singapore, 2017, pp. 1-6."
171,Mondal et al. [214],"S. Mondal, G. Das and E. Wong, ""A Novel Cost Optimization Framework for Multi-Cloudlet Environment over Optical Access Networks,"" GLOBECOM 2017 - 2017 IEEE Global Communications Conference, Singapore, 2017, pp. 1-7."
172,Zhu and Huang [268],"H. Zhu and C. Huang, ""Availability-Aware Mobile Edge Application Placement in 5G Networks,"" GLOBECOM 2017 - 2017 IEEE Global Communications Conference, Singapore, 2017, pp. 1-6."
173,Malandrino et al. [224],"Malandrino, Francesco, Scott Kirkpatrick, and Carla-Fabiana Chiasserini. ""How Close to the Edge?: Delay/Utilization Trends in MEC."" In Proceedings of the 2016 ACM Workshop on Cloud-Assisted Networking, pp. 37-42. ACM, 2016."
174,Lyu et al. [90],"Lyu, Xinchen, Hui Tian, Li Jiang, Alexey Vinel, Sabita Maharjan, Stein Gjessing, and Yan Zhang. ""Selective Offloading in Mobile Edge Computing for the Green Internet of Things."" IEEE Network 32, no. 1 (2018): 54-60."
175,Suganuma et al. [148],"Suganuma, Takuo, Takuma Oide, Shinji Kitagami, Kenji Sugawara, and Norio Shiratori. ""Multiagent-Based Flexible Edge Computing Architecture for IoT."" IEEE Network 32, no. 1 (2018): 16-23."
176,Yuan et al. [149],"Yuan, Quan, Haibo Zhou, Jinglin Li, Zhihan Liu, Fangchun Yang, and Xuemin Sherman Shen. ""Toward Efficient Content Delivery for Automated Driving Services: An Edge Computing Solution."" IEEE Network 32, no. 1 (2018): 80-86."
177,Cho et al. [322],"Cho, Junguk, Karthikeyan Sundaresan, Rajesh Mahindra, Jacobus Van der Merwe, and Sampath Rangarajan. ""ACACIA: context-aware edge computing for continuous interactive applications over mobile networks."" In Proceedings of the 12th International on Conference on emerging Networking EXperiments and Technologies, pp. 375-389. ACM, 2016."
178,Liu et al. [269],"Liu, Juan, Bo Bai, Jun Zhang, and Khaled B. Letaief. ""Cache placement in Fog-RANs: From centralized to distributed algorithms."" IEEE Transactions on Wireless Communications 16, no. 11 (2017): 7039-7051."
179,Kiani and Ansari [110],"Kiani, Abbas, and Nirwan Ansari. ""Toward Hierarchical Mobile Edge Computing: An Auction-Based Profit Maximization Approach."" IEEE Internet of Things Journal 4, no. 6 (2017): 2082-2091."
180,Sun and Ansari [246],"Sun, Xiang, and Nirwan Ansari. ""PRIMAL: Profit maximization avatar placement for mobile edge computing."" In Communications (ICC), 2016 IEEE International Conference on, pp. 1-6. IEEE, 2016."
181,Xiang et al. [270],"Xiang, Haolong, Xiaolong Xu, Haoquan Zheng, Shu Li, Taotao Wu, Wanchun Dou, and Shui Yu. ""An adaptive cloudlet placement method for mobile applications over GPS big data."" In Global Communications Conference (GLOBECOM), 2016 IEEE, pp. 1-6. IEEE, 2016."
182,Kamiyama et al. [225],"Kamiyama, Noriaki, Yuusuke Nakano, Kohei Shiomoto, Go Hasegawa, Masayuki Murata, and Hideo Miyahara. ""Analyzing Effect of Edge Computing on Reduction of Web Response Time."" In Global Communications Conference (GLOBECOM), 2016 IEEE, pp. 1-6. IEEE, 2016."
183,Perera et al. [101],"Perera, Charith, Yongrui Qin, Julio C. Estrella, Stephan Reiff-Marganiec, and Athanasios V. Vasilakos. ""Fog computing for sustainable smart cities: A survey."" ACM Computing Surveys (CSUR) 50, no. 3 (2017): 32."
184,Pahl et al. [401],"Pahl, Claus, Sven Helmer, Lorenzo Miori, Julian Sanin, and Brian Lee. ""A container-based edge cloud PaaS architecture based on Raspberry Pi clusters."" In Future Internet of Things and Cloud Workshops (FiCloudW), IEEE International Conference on, pp. 117-124. IEEE, 2016."
185,Lin and Shen [323],"Lin, Yuhua, and Haiying Shen. ""CloudFog: Leveraging Fog to Extend Cloud Gaming for Thin-Client MMOG with High Quality of Service."" IEEE Transactions on Parallel and Distributed Systems 28, no. 2 (2017): 431-445."
186,Schäfer et al. [324],"Schäfer, Dominik, Janick Edinger, Sebastian VanSyckel, Justin Mazzola Paluska, and Christian Becker. ""Tasklets: Overcoming heterogeneity in distributed computing systems."" In Distributed Computing Systems Workshops (ICDCSW), 2016 IEEE 36th International Conference on, pp. 156-161. IEEE, 2016."
187,Teerapittayanon et al. [344],"Teerapittayanon, Surat, Bradley McDanel, and H. T. Kung. ""Distributed deep neural networks over the cloud, the edge and end devices."" In Distributed Computing Systems (ICDCS), 2017 IEEE 37th International Conference on, pp. 328-339. IEEE, 2017."
188,Li et al. [111],"Li, Yongbo, Yurong Chen, Tian Lan, and Guru Venkataramani. ""MobiQoR: Pushing the envelope of mobile edge computing via quality-of-result optimization."" In Distributed Computing Systems (ICDCS), 2017 IEEE 37th International Conference on, pp. 1261-1270. IEEE, 2017."
189,Abdallah et al. [402],"Abdallah, Raef, Lanyu Xu, and Weisong Shi. ""Lessons and experiences of a DIY smart home."" In Proceedings of the Workshop on Smart Internet of Things, p. 4. ACM, 2017."
190,Hoque et al. [403],"Hoque, Saiful, Mathias Santos de Brito, Alexander Willner, Oliver Keil, and Thomas Magedanz. ""Towards container orchestration in fog computing infrastructures."" In Computer Software and Applications Conference (COMPSAC), 2017 IEEE 41st Annual, vol. 2, pp. 294-299. IEEE, 2017."
191,He et al. [428],"He, Ting, Ertugrul Necdet Ciftcioglu, Shiqiang Wang, and Kevin S. Chan. ""Location privacy in mobile edge clouds: A chaff-based approach."" IEEE Journal on Selected Areas in Communications 35, no. 11 (2017): 2625-2636."
192,Drolia et al. [271],"Drolia, Utsav, Katherine Guo, Jiaqi Tan, Rajeev Gandhi, and Priya Narasimhan. ""Cachier: Edge-caching for recognition applications."" In Distributed Computing Systems (ICDCS), 2017 IEEE 37th International Conference on, pp. 276-286. IEEE, 2017."
193,Gedeon et al. [325],"Gedeon, Julien, Christian Meurisch, Disha Bhat, Michael Stein, Lin Wang, and Max Mühlhäuser. ""Router-based Brokering for Surrogate Discovery in Edge Computing."" In Distributed Computing Systems Workshops (ICDCSW), 2017 IEEE 37th International Conference on, pp. 145-150. IEEE, 2017."
194,Yousefpour et al. [88],"A. Yousefpour, G. Ishigaki, R. Gour and J. P. Jue, ""On Reducing IoT Service Delay via Fog Offloading,"" in IEEE Internet of Things Journal, vol. PP, no. 99, pp. 1-1."
195,Vallati et al. [215],"Vallati, Carlo, Antonio Virdis, Enzo Mingozzi, and Giovanni Stea. ""Exploiting LTE D2D communications in M2M fog platforms: Deployment and practical issues."" In Internet of Things (WF-IoT), 2015 IEEE 2nd World Forum on, pp. 585-590. IEEE, 2015."
196,Farris et al. [112],"Farris, Ivan, Roberto Girau, Leonardo Militano, Michele Nitti, Luigi Atzori, Antonio Iera, and Giacomo Morabito. ""Social virtual objects in the edge cloud."" IEEE Cloud Computing 2, no. 6 (2015): 20-28."
197,Kamath et al. [345],"Kamath, Goutham, Pavan Agnihotri, Maria Valero, Krishanu Sarker, and Wen-Zhan Song. ""Pushing analytics to the edge."" In Global Communications Conference (GLOBECOM), 2016 IEEE, pp. 1-6. IEEE, 2016."
198,Lebre et al. [150],"Lebre, Adrien, Jonathan Pastor, Anthony Simonet, and Frédéric Desprez. ""Revising OpenStack to operate fog/edge computing infrastructures."" In Cloud Engineering (IC2E), 2017 IEEE International Conference on, pp. 138-148. IEEE, 2017."
199,Bellavista et al. [87],"Bellavista, Paolo, Luca Foschini, and Domenico Scotece. ""Converging Mobile Edge Computing, Fog Computing, and IoT Quality Requirements."" In 2017 IEEE 5th International Conference on Future Internet of Things and Cloud (FiCloud), pp. 313-320. IEEE, 2017."
200,Lopes et al. [385],"Lopes, Márcio Moraes, Wilson A. Higashino, Miriam AM Capretz, and Luiz Fernando Bittencourt. ""MyiFogSim: A Simulator for Virtual Machine Migration in Fog Computing."" In Companion Proceedings of the10th International Conference on Utility and Cloud Computing, pp. 47-52. ACM, 2017."
201,Ismail et al. [404],"Ismail, Bukhary Ikhwan, Ehsan Mostajeran Goortani, Mohd Bazli Ab Karim, Wong Ming Tat, Sharipah Setapa, Jing Yuan Luke, and Ong Hong Hoe. ""Evaluation of docker as edge computing platform."" In Open Systems (ICOS), 2015 IEEE Confernece on, pp. 130-135. IEEE, 2015."
202,Confais et al. [386],"Confais, Bastien, Adrien Lebre, and Benoît Parrein. ""An Object Store Service for a Fog/Edge Computing Infrastructure Based on IPFS and a Scale-Out NAS."" In Fog and Edge Computing (ICFEC), 2017 IEEE 1st International Conference on, pp. 41-50. IEEE, 2017."
203,Hong et al. [346],"Hong, Hua-Jun, Jo-Chi Chuang, and Cheng-Hsin Hsu. ""Animation rendering on multimedia fog computing platforms."" In Cloud Computing Technology and Science (CloudCom), 2016 IEEE International Conference on, pp. 336-343. IEEE, 2016."
204,Santoro et al. [405],"Santoro, Daniele, Daniel Zozin, Daniele Pizzolli, Francesco De Pellegrini, and Silvio Cretti. ""Foggy: a platform for workload orchestration in a Fog Computing environment."" In Cloud Computing Technology and Science (CloudCom), 2017 IEEE International Conference on, pp. 231-234. IEEE, 2017."
205,Li and Nabrzyski [272],"Li, Kangkang, and Jarek Nabrzyski. ""Traffic-Aware Virtual Machine Placement in Cloudlet Mesh with Adaptive Bandwidth."" In 2017 IEEE International Conference on Cloud Computing Technology and Science (CloudCom), pp. 49-56. IEEE, 2017."
206,Khan and Freitag [387],"Khan, Amin M., and Felix Freitag. ""On Edge Cloud Service Provision with Distributed Home Servers."" In Cloud Computing Technology and Science (CloudCom), 2017 IEEE International Conference on, pp. 223-226. IEEE, 2017."
207,Ascigil et al. [273],"Ascigil, Onur, Truong Khoa Phan, Argyrios G. Tasiopoulos, Vasilis Sourlas, Ioannis Psaras, and George Pavlou. ""On Uncoordinated Service Placement in Edge-Clouds."" In Cloud Computing Technology and Science (CloudCom), 2017 IEEE International Conference on, pp. 41-48. IEEE, 2017."
208,Abderrahim et al. [151],"Abderrahim, Mohamed, Meryem Ouzzif, Karine Guillouard, Jerome Francois, and Adrien Lèbre. ""A Holistic Monitoring Service for Fog/Edge Infrastructures: a Foresight Study."" In The IEEE 5th International Conference on Future Internet of Things and Cloud (FiCloud 2017). 2017."
209,Mehta et al. [216],"Mehta, Amardeep, William Tärneberg, Cristian Klein, Johan Tordsson, Maria Kihl, and Erik Elmroth. ""How beneficial are intermediate layer data centers in mobile edge networks?."" In Foundations and Applications of Self* Systems, IEEE International Workshops on, pp. 222-229. IEEE, 2016."
210,Garcia-Perez and Merino [152],"Garcia-Perez, Cesar A., and Pedro Merino. ""Enabling low latency services on LTE networks."" In Foundations and Applications of Self* Systems, IEEE International Workshops on, pp. 248-255. IEEE, 2016."
211,Dhakal and Ramakrishnan [347],"Dhakal, Aditya, and K. K. Ramakrishnan. ""Machine learning at the network edge for automated home intrusion monitoring."" In Network Protocols (ICNP), 2017 IEEE 25th International Conference on, pp. 1-6. IEEE, 2017."
212,Le Tan et al. [226],"Le Tan, Chanh Nguyen, Cristian Klein, and Erik Elmroth. ""Location-aware load prediction in edge data centers."" In Fog and Mobile Edge Computing (FMEC), 2017 Second International Conference on, pp. 25-31. IEEE, 2017."
213,Sonmez et al. [388],"Sonmez, Cagatay, Atay Ozgovde, and Cem Ersoy. ""EdgeCloudSim: An environment for performance evaluation of Edge Computing systems."" In Fog and Mobile Edge Computing (FMEC), 2017 Second International Conference on, pp. 39-44. IEEE, 2017."
214,Alonso-Monsalve et al. [180],"Alonso-Monsalve, Saúl, Félix García-Carballeira, and Alejandro Calderón. ""Fog computing through public-resource computing and storage."" In Fog and Mobile Edge Computing (FMEC), 2017 Second International Conference on, pp. 81-87. IEEE, 2017."
215,Beraldi et al. [309],"Beraldi, Roberto, Abderrahmen Mtibaa, and Hussein Alnuweiri. ""Cooperative load balancing scheme for edge computing resources."" In Fog and Mobile Edge Computing (FMEC), 2017 Second International Conference on, pp. 94-100. IEEE, 2017."
216,Le et al. [153],"Le, Minh, Zheng Song, Young-Woo Kwon, and Eli Tilevich. ""Reliable and efficient mobile edge computing in highly dynamic and volatile environments."" In Fog and Mobile Edge Computing (FMEC), 2017 Second International Conference on, pp. 113-120. IEEE, 2017."
217,Baresi et al. [406],"Baresi, Luciano, Danilo Filgueira Mendonça, and Martin Garriga. ""Empowering Low-Latency Applications Through a Serverless Edge Computing Architecture."" In European Conference on Service-Oriented and Cloud Computing, pp. 196-210. Springer, Cham, 2017."
218,Lujic et al. [154],"Lujic, Ivan, Vincenzo De Maio, and Ivona Brandic. ""Efficient edge storage management based on near real-time forecasts."" In Fog and Edge Computing (ICFEC), 2017 IEEE 1st International Conference on, pp. 21-30. IEEE, 2017."
219,Li et al. [181],"Li, He, Kaoru Ota, and Mianxiong Dong. ""Learning IoT in Edge: Deep Learning for the Internet of Things with Edge Computing."" IEEE Network 32, no. 1 (2018): 96-101."
220,Mangiante et al. [348],"Mangiante, Simone, Guenter Klas, Amit Navon, Zhuang GuanHua, Ju Ran, and Marco Dias Silva. ""Vr is on the edge: How to deliver 360 videos in mobile networks."" In Proceedings of the Workshop on Virtual Reality and Augmented Reality Network, pp. 30-35. ACM, 2017."
221,Tärneberg et al. [155],"Tärneberg, William, Alessandro Vittorio Papadopoulos, Amardeep Mehta, Johan Tordsson, and Maria Kihl. ""Distributed Approach to the Holistic Resource Management of a Mobile Cloud Network."" In Fog and Edge Computing (ICFEC), 2017 IEEE 1st International Conference on, pp. 51-60. IEEE, 2017."
222,Shekhar et al. [156],"Shekhar, Shashank, Ajay Dev Chhokra, Anirban Bhattacharjee, Guillaume Aupy, and Aniruddha Gokhale. ""INDICES: exploiting edge resources for performance-aware cloud-hosted services."" In Fog and Edge Computing (ICFEC), 2017 IEEE 1st International Conference on, pp. 75-80. IEEE, 2017."
223,Jonathan et al. [310],"Jonathan, Albert, Abhishek Chandra, and Jon Weissman. ""Locality-Aware Load Sharing in Mobile Cloud Computing."" (2017). UCC ’17, December 5–8, 2017, Austin, TX, USA"
224,Gosain et al. [407],"Gosain, Abhimanyu, Mark Berman, Marshall Brinn, Thomas Mitchell, Chuan Li, Yuehua Wang, Hai Jin, Jing Hua, and Hongwei Zhang. ""Enabling campus edge computing using geni racks and mobile resources."" In Edge Computing (SEC), IEEE/ACM Symposium on, pp. 41-50. IEEE, 2016."
225,Bhardwaj et al. [66],"Bhardwaj, Ketan, Ming-Wei Shih, Pragya Agarwal, Ada Gavrilovska, Taesoo Kim, and Karsten Schwan. ""Fast, scalable and secure onloading of edge functions using airbox."" In Edge Computing (SEC), IEEE/ACM Symposium on, pp. 14-27. IEEE, 2016."
226,Renart et al. [202],"Renart, Eduard Gibert, Javier Diaz-Montes, and Manish Parashar. ""Data-driven stream processing at the edge."" In Fog and Edge Computing (ICFEC), 2017 IEEE 1st International Conference on, pp. 31-40. IEEE, 2017."
227,Echeverría et al. [389],"Echeverría, Sebastián, Dan Klinedinst, Keegan Williams, and Grace A. Lewis. ""Establishing Trusted Identities in Disconnected Edge Environments."" In Edge Computing (SEC), IEEE/ACM Symposium on, pp. 51-63. IEEE, 2016."
228,Ni et al. [349],"Ni, Jianbing, Xiaodong Lin, Kuan Zhang, and Yong Yu. ""Secure and deduplicated spatial crowdsourcing: A fog-based approach."" In Global Communications Conference (GLOBECOM), 2016 IEEE, pp. 1-6. IEEE, 2016."
229,Helmer et al. [408],"Helmer, Sven, Claus Pahl, Julian Sanin, Lorenzo Miori, Stefan Brocanelli, Filippo Cardano, Daniele Gadler et al. ""Bringing the cloud to rural and remote areas via cloudlets."" In Proceedings of the 7th Annual Symposium on Computing for Development, p. 14. ACM, 2016."
230,Morshed et al. [68],"Morshed, Ahsan, Prem Prakash Jayaraman, Timos Sellis, Dimitrios Georgakopoulos, Massimo Villari, and Rajiv Ranjan. ""Deep Osmosis: Holistic Distributed Deep Learning in Osmotic Computing."" IEEE Cloud Computing 4, no. 6 (2018): 22-32."
231,Prasad et al. [113],"Prasad, Abhinandan S., Mayutan Arumaithurai, David Koll, and Xiaoming Fu. ""RAERA: A Robust Auctioning Approach for Edge Resource Allocation."" In Proceedings of the Workshop on Mobile Edge Communications, pp. 49-54. ACM, 2017."
232,Li et al. [350],"Li, Dawei, Theodoros Salonidis, Nirmit V. Desai, and Mooi Choo Chuah. ""Deepcham: Collaborative edge-mediated adaptive deep learning for mobile object recognition."" In Edge Computing (SEC), IEEE/ACM Symposium on, pp. 64-76. IEEE, 2016."
233,Yoon et al. [351],"Yoon, Jongwon, Peng Liu, and Suman Banerjee. ""Low-cost video transcoding at the wireless edge."" In Edge Computing (SEC), IEEE/ACM Symposium on, pp. 129-141. IEEE, 2016."
234,Zhang et al. [247],"Zhang, Wuyang, Jiachen Chen, Yanyong Zhang, and Dipankar Raychaudhuri. ""Towards efficient edge cloud augmentation for virtual reality MMOGs."" In Proceedings of the Second ACM/IEEE Symposium on Edge Computing, p. 8. ACM, 2017."
235,Manzoni et al. [75],"Manzoni, Pietro, Enrique Hernández-Orallo, Carlos T. Calafate, and Juan-Carlos Cano. ""A Proposal for a Publish/Subscribe, Disruption Tolerant Content Island for Fog Computing."" In Proceedings of the 3rd Workshop on Experiences with the Design and Implementation of Smart Objects, pp. 47-52. ACM, 2017."
236,Bhardwaj et al. [352],"Bhardwaj, Ketan, Pragya Agrawal, Ada Gavrilowska, Karsten Schwan, and Adam Allred. ""AppFlux: Taming App Delivery via Streaming."" Proc. of the Usenix TRIOS (2015)."
237,Jang et al. [353],"Jang, Minsung, Hyunjong Lee, Karsten Schwan, and Ketan Bhardwaj. ""SOUL: an edge-cloud system for mobile applications in a sensor-rich world."" In Edge Computing (SEC), IEEE/ACM Symposium on, pp. 155-167. IEEE, 2016."
238,Naas et al. [157],"Naas, Mohammed Islam, Philippe Raipin Parvedy, Jalil Boukhobza, and Laurent Lemarchand. ""iFogStor: an IoT Data Placement Strategy for Fog Infrastructure."" In Fog and Edge Computing (ICFEC), 2017 IEEE 1st International Conference on, pp. 97-104. IEEE, 2017."
239,Qi et al. [354],"Qi, Bozhao, Lei Kang, and Suman Banerjee. ""A vehicle-based edge computing platform for transit and human mobility analytics."" In Proceedings of the Second ACM/IEEE Symposium on Edge Computing, p. 1. ACM, 2017."
240,Sajjad et al. [355],"Sajjad, Hooman Peiro, Ken Danniswara, Ahmad Al-Shishtawy, and Vladimir Vlassov. ""SpanEdge: Towards unifying stream processing over central and near-the-edge data centers."" In Edge Computing (SEC), IEEE/ACM Symposium on, pp. 168-178. IEEE, 2016."
241,Jonathan et al. [76],"Jonathan, Albert, Muhammed Uluyol, Abhishek Chandra, and Jon Weissman. ""Ensuring reliability in geo-distributed edge cloud."" In Resilience Week (RWS), 2017, pp. 127-132. IEEE, 2017."
242,Lee et al. [356],"Lee, Kyungmin, Jason Flinn, and Brian D. Noble. ""Gremlin: scheduling interactions in vehicular computing."" In Proceedings of the Second ACM/IEEE Symposium on Edge Computing, p. 4. ACM, 2017."
243,Singh et al. [311],"Singh, Anil, Nitin Auluck, Omer Rana, Andrew Jones, and Surya Nepal. ""RT-SANE: Real Time Security Aware Scheduling on the Network Edge."" In Proceedings of the10th International Conference on Utility and Cloud Computing, pp. 131-140. ACM, 2017."
244,Mei et al. [357],"Mei, Bo, Ruinian Li, Wei Cheng, Jiguo Yu, and Xiuzhen Cheng. ""Ultraviolet Radiation Measurement via Smart Devices."" IEEE Internet of Things Journal 4, no. 4 (2017): 934-944."
245,Fricker et al. [312],"Fricker, Christine, Fabrice Guillemin, Philippe Robert, and Guilherme Thompson. ""Analysis of an offloading scheme for data centers in the framework of fog computing."" ACM Transactions on Modeling and Performance Evaluation of Computing Systems (TOMPECS) 1, no. 4 (2016): 16."
246,Varshney and Simmhan [85],"Varshney, Prateeksha, and Yogesh Simmhan. ""Demystifying fog computing: Characterizing architectures, applications and abstractions."" In Fog and Edge Computing (ICFEC), 2017 IEEE 1st International Conference on, pp. 115-124. IEEE, 2017."
247,Hao et al. [51],"Hao, Pengzhan, Yongshu Bai, Xin Zhang, and Yifan Zhang. ""Edgecourier: an edge-hosted personal service for low-bandwidth document synchronization in mobile cloud storage services."" In Proceedings of the Second ACM/IEEE Symposium on Edge Computing, p. 7. ACM, 2017."
248,Chen and Xu [313],"Chen, Lixing, and Jie Xu. ""Socially trusted collaborative edge computing in ultra dense networks."" In Proceedings of the Second ACM/IEEE Symposium on Edge Computing, p. 9. ACM, 2017."
249,Weinman [77],"Weinman, Joe. ""The 10 Laws of Fogonomics."" IEEE Cloud Computing 4, no. 6 (2018): 8-14."
250,Hou et al. [248],"Hou, I., Tao Zhao, Shiqiang Wang, and Kevin Chan. ""Asymptotically optimal algorithm for online reconfiguration of edge-clouds."" In Proceedings of the 17th ACM International Symposium on Mobile Ad Hoc Networking and Computing, pp. 291-300. ACM, 2016."
251,Yang et al. [158],"Yang, Peng, Ning Zhang, Yuanguo Bi, Li Yu, and Xuemin Sherman Shen. ""Catalyzing cloud-fog interoperation in 5G wireless networks: An SDN approach."" IEEE Network 31, no. 5 (2017): 14-20."
252,Habak et al. [64],"Habak, Karim, Ellen W. Zegura, Mostafa Ammar, and Khaled A. Harras. ""Workload management for dynamic mobile device clusters in edge femtoclouds."" In Proceedings of the Second ACM/IEEE Symposium on Edge Computing, p. 6. ACM, 2017."
253,Bahreini and Grosu [274],"Bahreini, Tayebeh, and Daniel Grosu. ""Efficient placement of multi-component applications in edge computing systems."" In Proceedings of the Second ACM/IEEE Symposium on Edge Computing, p. 5. ACM, 2017."
254,Ryden et al. [182],"Jonathan, Albert, Mathew Ryden, Kwangsung Oh, Abhishek Chandra, and Jon Weissman. ""Nebula: Distributed edge cloud for data intensive computing."" IEEE Transactions on Parallel and Distributed Systems 28, no. 11 (2017): 3229-3242."
255,Hadžić et al. [409],"Hadžić, Ilija, Yoshihisa Abe, and Hans C. Woithe. ""Edge computing in the ePC: a reality check."" In Proceedings of the Second ACM/IEEE Symposium on Edge Computing, p. 13. ACM, 2017."
256,Hagenauer et al. [183],"Hagenauer, Florian, Christoph Sommer, Takamasa Higuchi, Onur Altintas, and Falko Dressler. ""Vehicular micro clouds as virtual edge servers for efficient data collection."" In 23rd ACM International Conference on Mobile Computing and Networking (MobiCom 2017), 2nd ACM International Workshop on Smart, Autonomous, and Connected Vehicular Systems and Services (CarSys 2017). 2017."
257,Ni et al. [102],"Ni, Jianbing, Aiqing Zhang, Xiaodong Lin, and Xuemin Sherman Shen. ""Security, privacy, and fairness in Fog-based vehicular crowdsensing."" IEEE Communications Magazine 55, no. 6 (2017): 146-152."
258,Drolia et al. [358],"Drolia, Utsav, Katherine Guo, and Priya Narasimhan. ""Precog: prefetching for image recognition applications at the edge."" In Proceedings of the Second ACM/IEEE Symposium on Edge Computing, p. 17. ACM, 2017."
259,Gia et al. [359],"Gia, Tuan Nguyen, Mingzhe Jiang, Amir-Mohammad Rahmani, Tomi Westerlund, Pasi Liljeberg, and Hannu Tenhunen. ""Fog computing in healthcare internet of things: A case study on ecg feature extraction."" In Computer and Information Technology; Ubiquitous Computing and Communications; Dependable, Autonomic and Secure Computing; Pervasive Intelligence and Computing (CIT/IUCC/DASC/PICOM), 2015 IEEE International Conference on, pp. 356-363. IEEE, 2015."
260,Marín-Tordera et al. [70],"Marín-Tordera, Eva, Xavi Masip-Bruin, Jordi García-Almiñana, Admela Jukan, Guang-Jie Ren, and Jiafeng Zhu. ""Do we all really know what a fog node is? Current trends towards an open definition."" Computer Communications 109 (2017): 117-130."
261,Chaufournier et al. [249],"Chaufournier, Lucas, Prateek Sharma, Franck Le, Erich M. Nahum, Prashant J. Shenoy and Donald F. Towsley. “Fast transparent virtual machine migration in distributed edge clouds.” SEC (2017)."
262,Mortazavi et al. [184],"Seyed Hossein Mortazavi, Mohammad Salehe, Carolina Simoes Gomes, Caleb Phillips, and Eyal de Lara. 2017. Cloudpath: a multi-tier cloud computing framework. In Proceedings of the Second ACM/IEEE Symposium on Edge Computing (SEC '17). ACM, New York, NY, USA"
263,Chen et al. [410],"Chen, Zhuo, Wenlu Hu, Junjue Wang, Siyan Zhao, Brandon Amos, Guanhang Wu, Kiryong Ha et al. ""An Empirical Study of Latency in an Emerging Class of Edge Computing Applications for Wearable Cognitive Assistance."" (2017)."
264,Chen et al. [360],"Chen, Ning, Yu Chen, Yang You, Haibin Ling, Pengpeng Liang, and Roger Zimmermann. ""Dynamic urban surveillance video stream processing using fog computing."" In Multimedia Big Data (BigMM), 2016 IEEE Second International Conference on, pp. 105-112. IEEE, 2016."
265,Tang et al. [159],"Tang, Bo, Zhen Chen, Gerald Hefferman, Tao Wei, Haibo He, and Qing Yang. ""A hierarchical distributed fog computing architecture for big data analysis in smart cities."" In Proceedings of the ASE BigData & SocialInformatics 2015, p. 28. ACM, 2015."
266,Ha et al. [250],"Ha, Kiryong, Yoshihisa Abe, Thomas Eiszler, Zhuo Chen, Wenlu Hu, Brandon Amos, Rohit Upadhyaya, Padmanabhan Pillai, and Mahadev Satyanarayanan. ""You can teach elephants to dance: agile VM handoff for edge computing."" In Proceedings of the Second ACM/IEEE Symposium on Edge Computing, p. 12. ACM, 2017."
267,Sha et al. [429],"Sha, Kewei, Ranadheer Errabelly, Wei Wei, T. Andrew Yang, and Zhiwei Wang. ""EdgeSec: Design of an Edge Layer Security Service to Enhance IoT Security."" In Fog and Edge Computing (ICFEC), 2017 IEEE 1st International Conference on, pp. 81-88. IEEE, 2017."
268,Kar et al. [361],"Kar, Gorkem, Shubham Jain, Marco Gruteser, Fan Bai, and Ramesh Govindan. ""Real-time traffic estimation at vehicular edge nodes."" In Proceedings of the Second ACM/IEEE Symposium on Edge Computing, p. 3. ACM, 2017."
269,Yu et al. [314],"Yu, Ye, Xin Li, and Chen Qian. ""SDLB: A Scalable and Dynamic Software Load Balancer for Fog and Mobile Edge Computing."" In Proceedings of the Workshop on Mobile Edge Communications, pp. 55-60. ACM, 2017."
270,Mahmud et al. [103],"Mahmud, Redowan, Ramamohanarao Kotagiri, and Rajkumar Buyya. ""Fog computing: A taxonomy, survey and future directions."" In Internet of Everything, pp. 103-130. Springer, Singapore, 2018."
271,Hu et al. [86],"Hu, Pengfei, Sahraoui Dhelim, Huansheng Ning, and Tie Qiu. ""Survey on fog computing: architecture, key technologies, applications and open issues."" Journal of Network and Computer Applications (2017)."
272,Kimovski et al. [442],"Kimovski, Dragi, Humaira Ijaz, Nishant Saurabh, and Radu Prodan. ""Adaptive Nature-Inspired Fog Architecture."" In Fog and Edge Computing (ICFEC), 2018 IEEE 2nd International Conference on, pp. 1-8. IEEE, 2018."
273,Naas et al. [390],"Naas, Mohammed Islam, Jalil Boukhobza, Philippe Raipin Parvedy, and Laurent Lemarchand. ""An Extension to iFogSim to Enable the Design of Data Placement Strategies."" In Fog and Edge Computing (ICFEC), 2018 IEEE 2nd International Conference on, pp. 1-8. IEEE, 2018."
274,Lujic et al. [362],"Lujic, Ivan, Vincenzo De Maio, and Ivona Brandic. ""Adaptive Recovery of Incomplete Datasets for Edge Analytics."" In Fog and Edge Computing (ICFEC), 2018 IEEE 2nd International Conference on, pp. 1-10. IEEE, 2018."
275,Su et al. [203],"Su, Xiang, Pingjiang Li, Jukka Riekki, Xiaoli Liu, Jussi Kiljander, Juha-Pekka Soininen, Christian Prehofer, Huber Flores, and Yuhong Li. ""Distribution of Semantic Reasoning on the Edge of Internet of Things.”, Pervasive Computing and Communications (PerCom), 2018 IEEE International Conference on"
276,Buzachis et al. [411],"Buzachis, Alina, Antonino Galletta, Lorenzo Carnevale, Antonio Celesti, Maria Fazio, and Massimo Villari. ""Towards Osmotic Computing: Analyzing Overlay Network Solutions to Optimize the Deployment of Container-Based Microservices in Fog, Edge and IoT Environments."" In Fog and Edge Computing (ICFEC), 2018 IEEE 2nd International Conference on, pp. 1-10. IEEE, 2018."
277,Nguyen et al. [227],"Nguyen, Duong Tung, Long Bao Le, and Vijay Bhargava. ""Edge computing resource procurement: An online optimization approach."" In Internet of Things (WF-IoT), 2018 IEEE 4th World Forum on, pp. 807-812. IEEE, 2018."
278,Bailas et al. [412],"Ballas, Camille, Mark Marsden, Dian Zhang, Noel E. O'Connor, and Suzanne Little. ""Performance of video processing at the edge for crowd-monitoring applications."" (2018)."
279,Machen et al. [251],"Machen, Andrew, Shiqiang Wang, Kin K. Leung, Bong Jun Ko, and Theodoros Salonidis. ""Live service migration in mobile edge clouds."" IEEE Wireless Communications (2017)."
280,Bellavista et al. [185],"Bellavista, Paolo, Stefano Chessa, Luca Foschini, Leo Gioia, and Michele Girolami. ""Human-Enabled Edge Computing: Exploiting the Crowd as a Dynamic Extension of Mobile Edge Computing."" IEEE Communications Magazine 56, no. 1 (2018): 145-155."
281,He et al. [160],"He, Jianhua, Jian Wei, Kai Chen, Zuoyin Tang, Yi Zhou, and Yan Zhang. ""Multi-tier fog computing with large-scale IoT data analytics for smart cities."" IEEE Internet of Things Journal (2017)."
282,Cheng et al. [204],"Cheng, Bin, Gürkan Solmaz, Flavio Cirillo, Ernö Kovacs, Kazuyuki Terasawa, and Atsushi Kitazawa. ""FogFlow: Easy Programming of IoT Services Over Cloud and Edges for Smart Cities."" IEEE Internet of Things Journal (2017)."
283,Zhang et al. [104],"Zhang, Peng, Joseph K. Liu, F. Richard Yu, Mehdi Sookhak, Man Ho Au, and Xiapu Luo. ""A Survey on Access Control in Fog Computing."" IEEE Communications Magazine 56, no. 2 (2018): 144-149."
284,Abbas et al. [81],"Abbas, Nasir, Yan Zhang, Amir Taherkordi, and Tor Skeie. ""Mobile edge computing: A survey."" IEEE Internet of Things Journal (2017)."
285,Ali et al. [363],"Ali, Muhammad, Ashiq Anjum, M. Usman Yaseen, A. Reza Zamani, Daniel Balouek-Thomert, Omer Rana, and Manish Parashar. ""Edge Enhanced Deep Learning System for Large-scale Video Stream Analytics."" In Fog and Edge Computing (ICFEC), 2018 IEEE 2nd International Conference on, pp. 1-10. IEEE, 2018."
286,Abeshu and Chilamkurti [364],"Abeshu, Abebe, and Naveen Chilamkurti. ""Deep learning: the frontier for distributed attack detection in Fog-to-Things computing."" IEEE Communications Magazine 56, no. 2 (2018): 169-175."
287,Ceselli et al. [217],"Ceselli, Alberto, Marco Premoli, and Stefano Secci. ""Mobile edge cloud network design optimization."" IEEE/ACM Transactions on Networking 25, no. 3 (2017): 1818-1831."
288,Amadeo et al. [326],"Amadeo, Marica, Claudia Campolo, Antonella Molinaro, Cristina Rottondi, and Giacomo Verticale. ""Securing the mobile edge through named data networking."" In Internet of Things (WF-IoT), 2018 IEEE 4th World Forum on, pp. 80-85. 2018."
289,Cao et al. [365],"Cao, Yue, Houbing Song, Omprakash Kaiwartya, Bingpeng Zhou, Yuan Zhuang, Yang Cao, and Xu Zhang. ""Mobile Edge Computing for Big-Data-Enabled Electric Vehicle Charging."" IEEE Communications Magazine 56, no. 3 (2018): 150-156."
290,Shirazi et al. [105],"Shirazi, Syed Noorulhassan, Antonios Gouglidis, Arsham Farshad, and David Hutchison. ""The Extended Cloud: Review and Analysis of Mobile Edge Computing and Fog from a Security and Resilience Perspective."" IEEE Journal on Selected Areas in Communications 35, no. 11 (2017): 2586-2595."
291,Plumb and Stutsman [413],"Plumb, Jared N., and Ryan Stutsman. ""Exploiting Google's Edge Network for Massively Multiplayer Online Games."" In Fog and Edge Computing (ICFEC), 2018 IEEE 2nd International Conference on, pp. 1-8. IEEE, 2018."
292,Oteafy and Hassanein [161],"Oteafy, Sharief MA, and Hossam S. Hassanein. ""IoT in the Fog: A Roadmap for Data-Centric IoT Development."" IEEE Communications Magazine 56, no. 3 (2018): 157-163."
293,Muhammad et al. [366],"Muhammad, Ghulam, Mohammed F. Alhamid, Mansour Alsulaiman, and Brij Gupta. ""Edge Computing with Cloud for Voice Disorder Assessment and Treatment."" IEEE Communications Magazine 56, no. 4 (2018): 60-65."
294,Tanganelli et al. [327],"Tanganelli, Giacomo, Carlo Vallati, and Enzo Mingozzi. ""Edge-Centric Distributed Discovery and Access in the Internet of Things."" IEEE Internet of Things Journal 5, no. 1 (2018): 425-438."
295,Li et al. [162],"Li, Jianhua, Jiong Jin, Dong Yuan, and Hongke Zhang. ""Virtual Fog: A Virtualization Enabled Fog Computing Framework for Internet of Things."" IEEE Internet of Things Journal 5, no. 1 (2018): 121-131."
296,Sharma et al. [283],"Sharma, Vishal, Ilsun You, Francesco Palmieri, Dushantha Nalin K. Jayakody, and Jun Li. ""Secure and Energy-Efficient Handover in Fog Networks Using Blockchain-Based DMM."" IEEE Communications Magazine 56, no. 5 (2018): 22-31."
297,Jia et al. [218],"Jia, Mike, Jiannong Cao, and Weifa Liang. ""Optimal cloudlet placement and user to cloudlet allocation in wireless metropolitan area networks."" IEEE Transactions on Cloud Computing (2015)."
298,Cui et al. [54],"Cui, Yong, Jian Song, Kui Ren, Minming Li, Zongpeng Li, Qingmei Ren, and Yangjun Zhang. ""Software defined cooperative offloading for mobile cloudlets."" IEEE/ACM Transactions on Networking 25, no. 3 (2017): 1746-1760."
299,Shen et al. [430],"Shen, Shigen, Longjun Huang, Haiping Zhou, Shui Yu, En Fan, and Qiying Cao. ""Multistage Signaling Game-Based Optimal Detection Strategies for Suppressing Malware Diffusion in Fog-Cloud-Based IoT Networks."" IEEE Internet of Things Journal 5, no. 2 (2018): 1043-1054."
300,Rausch et al. [284],"Rausch, Thomas, Stefan Nastic, and Schahram Dustdar. ""EMMA: Distributed QoS-Aware MQTT Middleware for Edge Computing Applications."" In Cloud Engineering (IC2E), 2018 IEEE International Conference on, pp. 191-197. IEEE, 2018."
301,Bi et al. [285],"Bi, Yuanguo, Guangjie Han, Chuan Lin, Qingxu Deng, Lei Guo, and Fuliang Li. ""Mobility Support for Fog Computing: An SDN Approach."" IEEE Communications Magazine 56, no. 5 (2018): 53-59."
302,Yaghmaee and Leon-Garcia [367],"Yaghmaee, Mohammad Hossein, and Alberto Leon-Garcia. ""A Fog-Based Internet of Energy Architecture for Transactive Energy Management Systems."" IEEE Internet of Things Journal (2018)."
303,Rimal et al. [219],"Rimal, Bhaskar Prasad, Dung Pham Van, and Martin Maier. ""Mobile-edge computing versus centralized cloud computing over a converged FiWi access network."" IEEE Transactions on Network and Service Management 14, no. 3 (2017): 498-513."
304,Puthal et al. [163],"Puthal, Deepak, Mohammad S. Obaidat, Priyadarsi Nanda, Mukesh Prasad, Saraju P. Mohanty, and Albert Y. Zomaya. ""Secure and Sustainable Load Balancing of Edge Data Centers in Fog Computing."" IEEE Communications Magazine 56, no. 5 (2018): 60-65."
305,Lyu et al. [315],"Lyu, Xinchen, Wei Ni, Hui Tian, Ren Ping Liu, Xin Wang, Georgios B. Giannakis, and Arogyaswami Paulraj. ""Optimal schedule of mobile edge computing for Internet of Things using partial information."" IEEE Journal on Selected Areas in Communications 35, no. 11 (2017): 2606-2615."
306,Bavier et al. [414],"Bavier, Andy, Mark Berman, Marshall Brinn, Rick McGeer, Larry Peterson, and Glenn Ricart. ""Realizing the Global Edge Cloud."" IEEE Communications Magazine 56, no. 5 (2018): 170-176."
307,Lyu et al. [316],"Lyu, Xinchen, Chenshan Ren, Wei Ni, Hui Tian, and Ren Ping Liu. ""Distributed Optimization of Collaborative Regions in Large-Scale Inhomogeneous Fog Computing."" IEEE Journal on Selected Areas in Communications 36, no. 3 (2018): 574-586."
308,He et al. [431],"He, Daojing, Yinrong Qiao, Sammy Chan, and Nadra Guizani. ""Flight Security and Safety of Drones in Airborne Fog Computing Systems."" IEEE Communications Magazine 56, no. 5 (2018): 66-71."
309,Jeong et al. [186],"Jeong, Seongah, Osvaldo Simeone, and Joonhyuk Kang. ""Mobile edge computing via a UAV-mounted cloudlet: Optimization of bit allocation and path planning."" IEEE Transactions on Vehicular Technology 67, no. 3 (2018): 2049-2063."
310,Li et al. [317],"Li, Wei, Ting Yang, Flavia C. Delicato, Paulo F. Pires, Zahir Tari, Samee U. Khan, and Albert Y. Zomaya. ""On Enabling Sustainable Edge Computing with Renewable Energy Resources."" IEEE Communications Magazine 56, no. 5 (2018): 94-101."
311,Carrega et al. [415],"Carrega, Alessandro, Matteo Repetto, Giorgio Robino, and Giancarlo Portomauro. ""OpenStack extensions for QoS and energy efficiency in edge computing."" In Fog and Mobile Edge Computing (FMEC), 2018 Third International Conference on, pp. 50-57. IEEE, 2018."
312,Rafetseder et al. [391],"Rafetseder, Albert, Lukas Pühringer, and Justin Cappos. ""Practical fog computing with seattle."" In Fog World Congress (FWC), 2017 IEEE, pp. 1-7. IEEE, 2017."
313,Jeong et al. [205],"Jeong, Taeyeol, Jaeyoon Chung, James Won-Ki Hong, and Sangtae Ha. ""Towards a distributed computing framework for Fog."" In Fog World Congress (FWC), 2017 IEEE, pp. 1-6. IEEE, 2017."
314,Varadi et al. [114],"Varadi, Sz, G. Gultekin Varkonyi, and A. Kertesz. ""Law and IoT: How to see things clearly in the Fog."" In Fog and Mobile Edge Computing (FMEC), 2018 Third International Conference on, pp. 233-238. IEEE, 2018."
315,Chen and Hao [286],"Chen, Min, and Yixue Hao. ""Task offloading for mobile edge computing in software defined ultra-dense network."" IEEE Journal on Selected Areas in Communications 36, no. 3 (2018): 587-597."
316,Acharya and Gaur [20],"Acharya, Joydeep, and Sudhanshu Gaur. ""Edge compression of GPS data for mobile IoT."" In Fog World Congress (FWC), 2017 IEEE, pp. 1-6. IEEE, 2017."
317,Raagaard et al. [164],"Raagaard, Michael Lander, Paul Pop, Marina Gutiérrez, and Wilfried Steiner. ""Runtime reconfiguration of time-sensitive networking (TSN) schedules for Fog Computing."" In Fog World Congress (FWC), 2017 IEEE, pp. 1-6. IEEE, 2017."
318,Anglano et al. [228],"Anglano, Cosimo, Massimo Canonico, Paolo Castagno, Marco Guazzone, and Matteo Sereno. ""A game-theoretic approach to coalition formation in fog provider federations."" In Fog and Mobile Edge Computing (FMEC), 2018 Third International Conference on, pp. 123-130. IEEE, 2018."
319,Yannuzzi et al. [115],"Yannuzzi, M., R. Irons-Mclean, F. van Lingen, S. Raghav, A. Somaraju, C. Byers, T. Zhang et al. ""Toward a converged OpenFog and ETSI MANO architecture."" In Fog World Congress (FWC), 2017 IEEE, pp. 1-6. IEEE, 2017."
320,Nasr et al. [187],"Nasr, Omar A., Yasser Amer, and Mohammed AboBakr. ""The “Droplet”: A new personal device to enable fog computing."" In Fog and Mobile Edge Computing (FMEC), 2018 Third International Conference on, pp. 93-99. IEEE, 2018."
321,Moustafa et al. [188],"Moustafa, Hassnaa, Eve M. Schooler, and Jessica McCarthy. ""Reverse CDN in Fog Computing: The lifecycle of video data in connected and autonomous vehicles."" In Fog World Congress (FWC), 2017 IEEE, pp. 1-5. IEEE, 2017."
322,Lera et al. [275],"Lera, Isaac, Carlos Guerrero, and Carlos Juiz. ""Comparing centrality indices for network usage optimization of data placement policies in fog devices."" In Fog and Mobile Edge Computing (FMEC), 2018 Third International Conference on, pp. 115-122. IEEE, 2018."
323,Gupta and Ramachandran [206],"Gupta, Harshit, and Umakishore Ramachandran. ""FogStore: A Geo-Distributed Key-Value Store Guaranteeing Low Latency for Strongly Consistent Access."" In Proceedings of the 12th ACM International Conference on Distributed and Event-based Systems, pp. 148-159. ACM, 2018."
324,Mayer et al. [392],"R. Mayer, L. Graser, H. Gupta, E. Saurez and U. Ramachandran, ""EmuFog: Extensible and scalable emulation of large-scale fog computing infrastructures,"" 2017 IEEE Fog World Congress (FWC), Santa Clara, CA, USA, 2017, pp. 1-6."
325,Pahl et al. [165],"Pahl, Claus, Nabil El Ioini, Sven Helmer, and Brian Lee. ""An architecture pattern for trusted orchestration in IoT edge clouds."" In Fog and Mobile Edge Computing (FMEC), 2018 Third International Conference on, pp. 63-70. IEEE, 2018."
326,Ahn et al. [368],"Ahn, Surin, Maria Gorlatova, Parinaz Naghizadeh, Mung Chiang, and Prateek Mittal. ""Adaptive Fog-Based Output Security for Augmented Reality."" In Proceedings of the 2018 Morning Workshop on Virtual Reality and Augmented Reality Network, pp. 1-6. ACM, 2018."
327,Harchol et al. [116],"Harchol, Yotam, Aisha Mushtaq, James McCauley, Aurojit Panda, and Scott Shenker. ""CESSNA: Resilient Edge-Computing."" In Proceedings of the 2018 Workshop on Mobile Edge Communications, pp. 1-6. ACM, 2018."
328,Mohan et al. [166],"Mohan, Nitinder, Aleksandr Zavodovski, Pengyuan Zhou, and Jussi Kangasharju. ""Anveshak: Placing Edge Servers In The Wild."" In Proceedings of the 2018 Workshop on Mobile Edge Communications, pp. 7-12. ACM, 2018."
329,Xu et al. [189],"Xu, Chenhan, Kun Wang, Guoliang Xu, Peng Li, Song Guo, and Jiangtao Luo. ""Making big data open in collaborative edges: a blockchain-based framework with reduced resource requirements."" In 2018 IEEE International Conference on Communications (ICC), pp. 1-6. IEEE, 2018."
330,Wang et al. [369],"Wang, Shiqiang, Tiffany Tuor, Theodoros Salonidis, Kin K. Leung, Christian Makaya, Ting He, and Kevin Chan. ""When edge meets learning: Adaptive control for resource-constrained distributed machine learning."" arXiv preprint arXiv:1804.05271 (2018)."
331,Kastanakis et al. [276],"Kastanakis, Savvas, Pavlos Sermpezis, Vasileios Kotronis, and Xenofontas Dimitropoulos. ""CABaRet: Leveraging Recommendation Systems for Mobile Edge Caching."" arXiv preprint arXiv:1806.02704 (2018)."
332,Zhang et al. [416],"Zhang, X., Y. Wang, and W. Shi. ""pCAMP: Performance Comparison of Machine Learning Packages on theEdges."" In USENIX} Workshop on Hot Topics in Edge Computing (HotEdge 18). USENIX} Association, 2018."
333,Silvestro et al. [167],"Silvestro, A., N. Mohan, J. Kangasharju, F. Schneider, and X. Fu. ""MUTE: MUlti-Tier Edge networks."" In Proceedings of the 5th Workshop on CrossCloud Infrastructures & Platforms, p. 1. ACM, 2018."
334,Németh et al. [252],"Németh, Balázs, Márk Szalay, János Dóka, Matthias Rost, Stefan Schmid, László Toka, and Balázs Sonkoly. ""Fast and efficient network service embedding method with adaptive offloading to the edge."" In IEEE INFOCOM 2018-IEEE Conference on Computer Communications Workshops (INFOCOM WKSHPS). IEEE, 2018."
335,Körner et al. [393],"Körner, Marc, Torsten M. Runge, Aurojit Panda, Sylvia Ratnasamy, and Scott Shenker. ""Open Carrier Interface: An Open Source Edge Computing Framework."" In Proceedings of the 2018 Workshop on Networking for Emerging Applications and Technologies, pp. 27-32. ACM, 2018."
336,Zhao et al. [207],"Zhao, J., Tiplea, T., Mortier, R. M., Crowcroft, J. A., & Wang, L. Data Analytics Service Composition and Deployment on Edge Devices. ACM SIGCOMM Big-DAMA 2018."
337,Wang et al. [277],"Wang, Lin, Lei Jiao, Ting He, Jun Li, and Max Mühlhäuser. ""Service entity placement for social virtual reality applications in edge computing."" In Proc. INFOCOM. 2018."
338,Hao et al. [318],"Hao, Zijiang, Shanhe Yi, and Qun Li. ""EdgeCons: Achieving Efficient Consensus in Edge Computing Networks."" In USENIX} Workshop on Hot Topics in Edge Computing (HotEdge 18)}. USENIX} Association}, 2018."
339,Corneo and Gunningberg [370],"Corneo, Lorenzo, and Per Gunningberg. ""Scheduling at the Edge for Assisting Cloud Real-Time Systems."" In Proceedings of the 2018 Workshop on Theory and Practice for Integrated Cloud, Fog and Edge Computing Paradigms, pp. 9-14. ACM, 2018."
340,Wen et al. [190],"Wen, Zhenyu, Pramod Bhatotia, Ruichuan Chen, and Myungjin Lee. ""ApproxIoT: Approximate Analytics for Edge Computing."" In 2018 IEEE 38th International Conference on Distributed Computing Systems (ICDCS), pp. 411-421. IEEE, 2018."
341,Noghabi et al. [208],"Noghabi, Shadi A., John Kolb, Peter Bodik, and Eduardo Cuervo. ""Steel: Simplified Development and Deployment of Edge-Cloud Applications."" In 10th {USENIX} Workshop on Hot Topics in Cloud Computing (HotCloud 18). USENIX} Association}, 2018."
342,Bhardwaj et al. [371],"Bhardwaj, Ketan, Joaquin Chung Miranda, and Ada Gavrilovska. ""Towards IoT-DDoS Prevention Using Edge Computing."" In USENIX} Workshop on Hot Topics in Edge Computing (HotEdge 18)}. USENIX} Association}, 2018."
343,Ge and Wang [372],"Ge, Chang, and Ning Wang. ""Real-time QoE estimation of DASH-based mobile video applications through edge computing."" In IEEE INFOCOM 2018-IEEE Conference on Computer Communications Workshops (INFOCOM WKSHPS). IEEE, 2018."
344,Okada et al. [328],"Okada, Kazuya, Shigeru Kashihara, Nao Kawanishi, Nobuo Suzuki, Keizo Sugiyama, and Youki Kadobayashi. ""GoEdge: A Scalable and Stateless Local Breakout Method."" In Proceedings of the 2018 Workshop on Theory and Practice for Integrated Cloud, Fog and Edge Computing Paradigms, pp. 29-34. ACM, 2018."
345,Giang et al. [394],"Giang, Nam and Lea, Rodger James (2018) Fog at the Edge : experiences building an Edge computing platform. In: 2018 IEEE International Conference on Edge Computing (EDGE) :. IEEE."
346,Mao et al. [373],"A Privacy-Preserving Deep Learning Approach for Face Recognition with Edge Computing  Yunlong Mao, Shanhe Yi, Qun Li, Jinghao Feng, Fengyuan Xu, and Sheng Zhong  USENIX Workshop on Hot Topics in Edge Computing  ( HotEdge'18), Boston, MA, July 2018. "
347,Nguyen et al. [319],"Nguyen, Phuong, Steven Konstanty, Tarek Elgamal, Todd Nicholson, Stuart Turner, Patrick Su, Klara Nahrstedt et al. BRACELET: Hierarchical Edge-Cloud Microservice Infrastructure for Scientific Instruments’ Lifetime Connectivity. 2018."
348,Biookaghazadeh et al. [435],"Biookaghazadeh, Saman, Fengbo Ren, and Ming Zhao. ""Are FPGAs Suitable for Edge Computing?."" arXiv preprint arXiv:1804.06404 (2018)."
349,Garg et al. [168],"Garg, Sahil, Amritpal Singh, Kujeet Kaur, Shalini Batra, Neeraj Kumar, and Mohammad S. Obaidat. ""Edge-Based Content Delivery for Providing QoE in Wireless Networks Using Quotient Filter."" In 2018 IEEE International Conference on Communications (ICC), pp. 1-6. IEEE, 2018."
350,Li et al. [374],"En Li, Zhi Zhou, and Xu Chen. 2018. Edge Intelligence: On-Demand Deep Learning Model Co-Inference with Device-Edge Synergy. In Proceedings of the 2018 Workshop on Mobile Edge Communications (MECOMM'18). ACM, New York, NY, USA, 31-36."
351,Coutinho et al. [395],"Coutinho, Antonio, Fabiola Greve, Cassio Prazeres, and Joao Cardoso. ""Fogbed: A Rapid-Prototyping Emulation Environment for Fog Computing."" In 2018 IEEE International Conference on Communications (ICC), pp. 1-7. IEEE, 2018."
352,Mortazavi et al. [253],"Mortazavi, Seyed Hossein, Bharath Balasubramanian, Eyal de Lara, and Shankaranarayanan Puzhavakath Narayanan. ""Toward Session Consistency for the Edge."" (2018)."
353,Elias et al. [375],"Elias, Andy Rosales, Nevena Golubovic, Chandra Krintz, and Rich Wolski. ""Where's the Bear?-Automating Wildlife Image Processing Using IoT and Edge Cloud Systems."" In Internet-of-Things Design and Implementation (IoTDI), 2017 IEEE/ACM Second International Conference on, pp. 247-258. IEEE, 2017."
354,Sathiaseelan and Secker [191],"Sathiaseelan, Aravindh Raman Nishanth Sastry Arjuna, and Jigna Chandria Andrew Secker. ""Wi-Stitch: Content Delivery in Converged Edge Networks."" ACM SIGCOMM Computer Communication Review 47, no. 5 (2017)."
355,Zang et al. [117],"Zang, Shizhe, Wei Bao, Phee Lep Yeoh, Branka Vucetic, and Yonghui Li. ""Paying Less for More? Combo Plans for Edge-Computing Services."" In USENIX} Workshop on Hot Topics in Edge Computing (HotEdge 18)}. USENIX} Association}, 2018."
356,Hung et al. [278],"Hung, Yi-Hsuan, Chih-Yu Wang, and Ren-Hung Hwang. ""Combinatorial clock auction for live video streaming in mobile edge computing."" In IEEE INFOCOM 2018-IEEE Conference on Computer Communications Workshops (INFOCOM WKSHPS). IEEE, 2018."
357,Deyannis et al. [320],"Deyannis, Dimitris, Rafail Tsirbas, Giorgos Vasiliadis, Raffaele Montella, Sokol Kosta, and Sotiris Ioannidis. ""Enabling GPU-assisted Antivirus Protection on Android Devices through Edge Offloading."" In Proceedings of the 1st International Workshop on Edge Systems, Analytics and Networking, pp. 13-18. ACM, 2018."
358,Jeong et al. [321],"Jeong, Hyuk-Jin, InChang Jeong, Hyeon-Jae Lee, and Soo-Mook Moon. ""Computation Offloading for Machine Learning Web Apps in the Edge Server Environment."" In 2018 IEEE 38th International Conference on Distributed Computing Systems (ICDCS). IEEE, 2018."
359,Psaras et al. [118],"Psaras, Ioannis, Onur Ascigil, Sergi Rene, George Pavlou, Alex Afanasyev, and Lixia Zhang. ""Mobile Data Repositories at the Edge."" In Proceedings of the 1st USENIX Workshop on Hot Topics in Edge Computing (HotEdge'18). 2018."
360,Kim et al. [119],"Kim, Daewoo, Hyojung Lee, Hyungseok Song, Nakjung Choi, and Yung Yi. ""On the Economics of Fog Computing: Inter-Play among Infrastructure and Service Providers, Users, and Edge Resource Owners."" In 2018 IEEE International Conference on Communications (ICC), pp. 1-6. IEEE, 2018."
361,Yekta and Lu [432],"Yekta, Nafiseh Izadi, and Rongxing Lu. ""XRQuery: Achieving Communication-Efficient Privacy-Preserving Query for Fog-Enhanced IoT."" In 2018 IEEE International Conference on Communications (ICC), pp. 1-6. IEEE, 2018."
362,Cherrueau et al. [120],"Cherrueau, Ronan-Alexandre, Adrien Lèbre, Dimitri Pertin, Fetahi Wuhib, and João Soares. ""Edge Computing Resource Management System: a Critical Building Block! Initiating the debate via OpenStack."" In The USENIX Workshop on Hot Topics in Edge Computing (HotEdge'18). 2018."
363,Venanzi et al. [329],"Venanzi, Riccardo, Burak Kantarci, Luca Foschini, and Paolo Bellavista. ""MQTT-Driven Sustainable Node Discovery for Internet of Things-Fog Environments."" In 2018 IEEE International Conference on Communications (ICC), pp. 1-6. IEEE, 2018."
364,Anglano et al. [229],"Anglano, Cosimo, Massimo Canonico, and Marco Guazzone. ""Profit-aware Resource Management for Edge Computing Systems."" In Proceedings of the 1st International Workshop on Edge Systems, Analytics and Networking, pp. 25-30. ACM, 2018."
365,Akrivopoulos et al. [417],"Akrivopoulos, Orestis, Na Zhu, Dimitrios Amaxilatis, Christos Tselios, Aris Anagnostopoulos, and Ioannis Chatzigiannakis. ""A Fog Computing-Oriented, Highly Scalable IoT Framework for Monitoring Public Educational Buildings."" In 2018 IEEE International Conference on Communications (ICC), pp. 1-6. IEEE, 2018."
366,Meiklejohn et al. [169],"Meiklejohn, Christopher S., Heather Miller, Zeeshan Lakhani, and Comcast Cable. ""Towards a Solution to the Red Wedding Problem."" In USENIX} Workshop on Hot Topics in Edge Computing (HotEdge 18)}. USENIX} Association}, 2018."
367,Ran et al. [376],"Ran, Xukan, Haoliang Chen, Xiaodan Zhu, Zhenming Liu, and Jiasi Chen. ""DeepDecision: A Mobile Deep Learning Framework for Edge Video Analytics."" In INFOCOM. IEEE. 2018."
368,Li et al. [170],"Li, Chi-Yu, Hsueh-Yang Liu, Po-Hao Huang, Hsu-Tung Chien, Guan-Hua Tu, Pei-Yuan Hong, and Ying-Dar Lin. ""Mobile Edge Computing Platform Deployment in 4G LTE Networks: A Middlebox Approach."" In USENIX} Workshop on Hot Topics in Edge Computing (HotEdge 18)}. USENIX} Association}, 2018."
369,Kim et al. [433],"Kim, Yeojin, Donghyun Kim, Junggab Son, Wei Wang, and YoungTae Noh. ""A New Fog-Cloud Storage Framework with Transparency and Auditability."" In 2018 IEEE International Conference on Communications (ICC), pp. 1-7. IEEE, 2018."
370,Gedeon et al. [220],"Gedeon, Julien, Jeff Krisztinkovics, Christian Meurisch, Michael Stein, Lin Wang, and Max Mühlhäuser. ""A Multi-Cloudlet Infrastructure for Future Smart Cities: An Empirical Study."" In Proceedings of the 1st International Workshop on Edge Systems, Analytics and Networking, pp. 19-24. ACM, 2018."
371,Talagala et al. [287],"Talagala, Nisha, Swaminathan Sundararaman, Vinay Sridhar Dulcardo Arteaga, Qianmei Luo, Sriram Subramanian Sindhu Ghanta, Lior Khermosh, and Drew Roselli. ""ECO}: Harmonizing Edge and Cloud with ML/DL Orchestration}."" In USENIX} Workshop on Hot Topics in Edge Computing (HotEdge 18)}. USENIX} Association}."
372,Liu et al. [377],"Liu, Qiang, Siqi Huang, Johnson Opadere, and Tao Han. ""An Edge Network Orchestrator for Mobile Augmented Reality."" In IEEE International Conference on Computer Communications (INFOCOM). 2018."
373,Zeng et al. [230],"Zeng, Ming, Yong Li, Ke Zhang, Muhammad Waqas, and Depeng Jin. ""Incentive Mechanism Design for Computation Offloading in Heterogeneous Fog Computing: A Contract-Based Approach."" In 2018 IEEE International Conference on Communications (ICC), pp. 1-6. IEEE, 2018."
374,Skarin et al. [418],"Skarin, Per, William Tärneberg, Karl-Erik Årzen, and Maria Kihl. ""Towards Mission-Critical Control at the Edge and Over 5G."" In: 2018 IEEE International Conference on Edge Computing (EDGE) :. IEEE."
375,Syamkumar et al. [121],"Syamkumar, Meenakshi, Paul Barford, and Ramakrishnan Durairajan. ""Deployment Characteristics of The Edge in Mobile Edge Computing."" In Proceedings of the 2018 Workshop on Mobile Edge Communications, pp. 43-49. ACM, 2018."
376,Benson et al. [192],"Benson, Kyle E., Guoxi Wang, Nalini Venkatasubramanian, and Young-Jin Kim. ""Ride: A Resilient IoT Data Exchange Middleware Leveraging SDN and Edge Cloud Resources."" In Internet-of-Things Design and Implementation (IoTDI), 2018 IEEE/ACM Third International Conference on, pp. 72-83. IEEE, 2018."
377,Liu et al. [396],"Liu, Peng, Bozhao Qi, and Suman Banerjee. ""EdgeEye: An Edge Service Framework for Real-time Intelligent Video Analytics."" In Proceedings of the 1st International Workshop on Edge Systems, Analytics and Networking, pp. 1-6. ACM, 2018."
378,Gupta et al. [209],"Gupta, Harshit, Zhuangdi Xu, and Umakishore Ramachandran. ""DataFog: Towards a Holistic Data Management Platform for the IoT Age at the Network Edge."" In USENIX} Workshop on Hot Topics in Edge Computing (HotEdge 18)}. USENIX} Association}, 2018."
379,Bruschi et al. [254],"Bruschi, Roberto, Franco Davoli, Paolo Lago, and Jane Frances Pajo. ""Move with Me: Scalably Keeping Virtual Objects Close to Users on the Move."" In 2018 IEEE International Conference on Communications (ICC), pp. 1-6. IEEE, 2018."
380,Tao and Li [378],"Tao, Zeyi, and Qun Li. ""eSGD: Communication Efficient Distributed Deep Learning on the Edge."" In USENIX} Workshop on Hot Topics in Edge Computing (HotEdge 18)}. USENIX} Association}, 2018."
381,Chang et al. [122],"Chang, Chia-Yu, Konstantinos Alexandris, Navid Nikaein, Kostas Katsalis, and Thrasyvoulos Spyropoulos. ""MEC architectural implications for LTE/LTE-A networks."" In Proceedings of the Workshop on Mobility in the Evolving Internet Architecture, pp. 13-18. ACM, 2016."
382,Carmo et al. [193],"Carmo, Maxweel, Sandino Jardim, Augusto Neto, Rui Aguiar, Daniel Corujo, and Joel JPC Rodrigues. ""Slicing WiFi WLAN-Sharing Access Infrastructures to Enhance Ultra-Dense 5G Networking."" In 2018 IEEE International Conference on Communications (ICC), pp. 1-6. IEEE, 2018."
383,Xu et al. [379],"Xu, Zhuangdi, Harshit Gupta, and Umakishore Ramachandran. ""STTR: A System for Tracking All Vehicles All the Time At the Edge of the Network."" In Proceedings of the 12th ACM International Conference on Distributed and Event-based Systems, pp. 124-135. ACM, 2018."
384,Abdelwahab et al. [123],"Abdelwahab, Sherif, Sophia Zhang, Ashley Greenacre, Kai Ovesen, Kevin Bergman, and Bechir Hamdaoui. ""When Clones Flock Near The Fog."" IEEE Internet of Things Journal (2018)."